id,first_name,last_name,email,gender,ip_address
1,Amara,Erickson,aerickson0@stanford.edu,Silverado 2500,2000
2,Carey,Morehall,cmorehall1@plala.or.jp,S40,2001
3,Shandee,Bugg,sbugg2@desdev.cn,GTO,1996
4,Basil,Issitt,bissitt3@ifeng.com,Z4 M,2009
5,Faith,McCrorie,fmccrorie4@buzzfeed.com,RX-8,2004
6,Stephanus,Busk,sbusk5@elpais.com,X-90,1998
7,Orlan,Coggles,ocoggles6@google.nl,9000,1987
8,Konrad,Powter,kpowter7@sakura.ne.jp,Sky,2007
9,Nikki,Massinger,nmassinger8@angelfire.com,Bonneville,1967
10,Miller,Brackstone,mbrackstone9@ifeng.com,STS,2010
11,Tiffie,Busain,tbusaina@sohu.com,Pathfinder,2008
12,Quincey,Tute,qtuteb@jiathis.com,2500,1998
13,Edna,Boulter,eboulterc@ft.com,Z3,1996
14,Sophia,McInnes,smcinnesd@mozilla.com,Pilot,2009
15,Kathy,Power,kpowere@squidoo.com,164,1993
16,Osbourn,Gerrad,ogerradf@cdbaby.com,Malibu,1999
17,Callida,Spieght,cspieghtg@comcast.net,760,2005
18,Arvy,Threadkell,athreadkellh@posterous.com,1500,1998
19,Berne,Atling,batlingi@hc360.com,SC,1992
20,Sim,Guiducci,sguiduccij@cyberchimps.com,Mustang,1987
21,Davine,Cotterill,dcotterillk@privacy.gov.au,Silhouette,2002
22,Merilyn,Yockney,myockneyl@nba.com,Rodeo,1995
23,Lorraine,Jephcott,ljephcottm@omniture.com,350Z,2003
24,Carlynne,Mindenhall,cmindenhalln@tiny.cc,Continental GTC,2012
25,Lorry,Gino,lginoo@pagesperso-orange.fr,Probe,1993
26,Gusta,Hayesman,ghayesmanp@i2i.jp,Ram 2500,2005
27,Irvin,Mundie,imundieq@deliciousdays.com,Montero,2006
28,Jacques,Inett,jinettr@mashable.com,S-Class,2004
29,Demetra,Bettles,dbettless@ed.gov,Express 2500,1997
30,Torey,Constant,tconstantt@phoca.cz,W201,1990
31,Mort,Kahane,mkahaneu@who.int,F150,1995
32,Rozella,Zorer,rzorerv@google.co.jp,1 Series,2009
33,Hernando,Pragnall,hpragnallw@marriott.com,Range Rover Sport,2011
34,Danita,Malshinger,dmalshingerx@narod.ru,Grand Prix,1971
35,Raimondo,Huggin,rhugginy@examiner.com,Regal,1986
36,Magdalene,Castiblanco,mcastiblancoz@patch.com,CLK-Class,1998
37,Felita,Volant,fvolant10@senate.gov,SLS AMG,2011
38,Blisse,Southwick,bsouthwick11@ustream.tv,Virage,2012
39,Mikaela,Lefeaver,mlefeaver12@ovh.net,9000,1986
40,Ealasaid,Balser,ebalser13@uiuc.edu,G,1994
41,Chrystel,Pittel,cpittel14@networksolutions.com,Caravan,1985
42,Earle,Gladdis,egladdis15@umich.edu,Elantra,2000
43,Kimball,Sissland,ksissland16@stanford.edu,Park Avenue,1999
44,Sadye,Alenin,salenin17@utexas.edu,XC70,2009
45,Fiorenze,Pomery,fpomery18@webeden.co.uk,Golf III,1993
46,Cart,McIlrath,cmcilrath19@hhs.gov,Bonneville,1999
47,Krissy,Cossons,kcossons1a@ovh.net,Jetta,1996
48,Raul,Bather,rbather1b@engadget.com,Suburban 1500,1995
49,Dusty,Phinnessy,dphinnessy1c@ycombinator.com,Aurora,2001
50,Leisha,Kowal,lkowal1d@reuters.com,Escalade,2011
51,Maurita,Castagnasso,mcastagnasso1e@mapquest.com,Firebird,1992
52,Esma,Maxweell,emaxweell1f@ucoz.ru,Ranger,1984
53,Perla,Buckles,pbuckles1g@liveinternet.ru,Ram,2011
54,Brier,Rilings,brilings1h@geocities.com,GTO,1967
55,Tana,Jesper,tjesper1i@slate.com,Corvette,1959
56,Hillary,Sarfatti,hsarfatti1j@buzzfeed.com,Beretta,1995
57,Chane,Elfitt,celfitt1k@cam.ac.uk,Sable,1998
58,Carree,Purselow,cpurselow1l@arizona.edu,Nubira,1999
59,Ricardo,Adshed,radshed1m@indiegogo.com,M3,2009
60,Mufinella,Metham,mmetham1n@senate.gov,M3,1999
61,Ava,Fratczak,afratczak1o@nature.com,Silverado,1999
62,Becki,Worviell,bworviell1p@ehow.com,325,2005
63,Athena,Braunfeld,abraunfeld1q@slate.com,Daytona,1992
64,Carola,Hassekl,chassekl1r@wordpress.org,Premier,1992
65,Dolorita,McFeat,dmcfeat1s@google.pl,LeMans,1989
66,Meredeth,Cottill,mcottill1t@e-recht24.de,QX,2009
67,Lissie,Tripean,ltripean1u@arstechnica.com,Frontier,2003
68,Georgi,Barthelemy,gbarthelemy1v@exblog.jp,LaCrosse,2005
69,Andra,Iorillo,aiorillo1w@over-blog.com,Grand Caravan,1999
70,Bibi,Lamshead,blamshead1x@pagesperso-orange.fr,Escalade ESV,2003
71,Kora,Caldwell,kcaldwell1y@redcross.org,9-5,2000
72,Pierrette,Reis,preis1z@xing.com,Sorento,2012
73,Addi,Eltringham,aeltringham20@chicagotribune.com,RX-8,2011
74,Alyss,Waby,awaby21@constantcontact.com,Camaro,2012
75,Burnard,McGovern,bmcgovern22@technorati.com,SJ,1991
76,Romona,Wyant,rwyant23@telegraph.co.uk,Previa,1992
77,Aleen,Gaukroger,agaukroger24@ifeng.com,SLR McLaren,2005
78,Eben,Pickton,epickton25@issuu.com,CC,2009
79,York,Canellas,ycanellas26@simplemachines.org,Tiburon,1997
80,Beryle,Counter,bcounter27@indiatimes.com,Phantom,2010
81,Johnna,Dearsley,jdearsley28@oracle.com,G37,2009
82,Janot,Buckthorp,jbuckthorp29@behance.net,Outlander,2003
83,Mari,Beldam,mbeldam2a@1und1.de,New Beetle,2001
84,Trenna,Uccelli,tuccelli2b@infoseek.co.jp,Shadow,1992
85,Malissa,Lawther,mlawther2c@wix.com,Traverse,2010
86,Colby,Dornan,cdornan2d@ebay.co.uk,Viper RT/10,1993
87,Bette,Buckoke,bbuckoke2e@google.co.uk,LHS,1994
88,Nevin,Maldin,nmaldin2f@wufoo.com,LeMans,1988
89,Welch,Roback,wroback2g@com.com,Golf,2003
90,Remus,Pitblado,rpitblado2h@behance.net,Bronco II,1984
91,Micah,Sheekey,msheekey2i@simplemachines.org,Sable,2005
92,Carmon,Callear,ccallear2j@amazon.co.jp,M6,2010
93,Rhianon,McCahey,rmccahey2k@live.com,Econoline E250,2000
94,Devlen,Hanlon,dhanlon2l@forbes.com,Dakota,2001
95,Deny,Kelf,dkelf2m@jigsy.com,XC90,2010
96,Marijo,Lamberton,mlamberton2n@elegantthemes.com,A8,2006
97,Gannon,Torrent,gtorrent2o@friendfeed.com,200,1989
98,Rustin,Maffione,rmaffione2p@mysql.com,F150,1996
99,Kristen,Fishburn,kfishburn2q@economist.com,530,2001
100,Jimmie,Pengelly,jpengelly2r@surveymonkey.com,Lynx,1986
101,Ermin,Tenney,etenney2s@dyndns.org,Celica,2003
102,Marleen,Wardhaugh,mwardhaugh2t@economist.com,Matrix,2011
103,Frederico,Gogarty,fgogarty2u@wsj.com,Eos,2007
104,Dianna,Lapree,dlapree2v@domainmarket.com,Soul,2012
105,Logan,Botham,lbotham2w@wunderground.com,SRX,2010
106,Mill,Winwright,mwinwright2x@bloomberg.com,Grand Voyager,1992
107,Luz,Turbitt,lturbitt2y@rakuten.co.jp,LX,2005
108,Tammy,Childers,tchilders2z@unicef.org,Biturbo,1984
109,Milton,Drew-Clifton,mdrewclifton30@wordpress.com,Justy,1990
110,Merle,Shelford,mshelford31@google.ru,S60,2002
111,Kally,Laval,klaval32@prlog.org,Miata MX-5,1994
112,Bethany,Murdie,bmurdie33@webeden.co.uk,Grand Am,1985
113,Ewan,Skaid,eskaid34@github.com,Montana,1999
114,Doe,Holsey,dholsey35@tiny.cc,Silverado 2500,2003
115,Wildon,McVeagh,wmcveagh36@list-manage.com,Impreza,2003
116,Lewiss,Pechan,lpechan37@moonfruit.com,Sephia,1998
117,Cordelie,Covill,ccovill38@fda.gov,Cougar,2000
118,Violante,Baldrey,vbaldrey39@cbc.ca,Talon,1991
119,Florencia,Vell,fvell3a@alexa.com,Thunderbird,1984
120,Leela,Skerman,lskerman3b@surveymonkey.com,Yukon XL 1500,2007
121,Zane,Treadgear,ztreadgear3c@ibm.com,Grand Voyager,2000
122,Brianne,Fessler,bfessler3d@jalbum.net,Bonneville,2000
123,Casandra,Russon,crusson3e@tmall.com,Sentra,2000
124,Etheline,Glasner,eglasner3f@youtube.com,Century,2005
125,Clari,Saltman,csaltman3g@github.com,Enclave,2011
126,Deedee,Bovingdon,dbovingdon3h@reuters.com,Alcyone SVX,1992
127,Antoine,Garken,agarken3i@constantcontact.com,325,2005
128,Meridel,Drinnan,mdrinnan3j@surveymonkey.com,Camaro,1996
129,Kordula,Cuncarr,kcuncarr3k@indiegogo.com,Explorer,2004
130,Jaimie,Cheves,jcheves3l@telegraph.co.uk,Touareg,2008
131,Dean,Gladdis,dgladdis3m@nydailynews.com,Explorer,2004
132,Parnell,Wicklen,pwicklen3n@macromedia.com,S-Series,1992
133,Jemmie,Kunes,jkunes3o@topsy.com,Caliber,2008
134,Krystle,Gittings,kgittings3p@youku.com,Cougar,1967
135,Cesaro,Box,cbox3q@irs.gov,Neon,2001
136,Doria,Netley,dnetley3r@mapy.cz,Intrepid,1998
137,Fern,Malthouse,fmalthouse3s@bbc.co.uk,GTI,1987
138,Caroline,Setchfield,csetchfield3t@prnewswire.com,Town & Country,2001
139,Raviv,Antonov,rantonov3u@dailymail.co.uk,Discovery Series II,2001
140,Tiffani,Duchesne,tduchesne3v@upenn.edu,Achieva,1997
141,Vern,Delaney,vdelaney3w@biblegateway.com,LeSabre,1998
142,Gwendolen,Van der Linde,gvanderlinde3x@ocn.ne.jp,S80,2011
143,Darwin,Dunnico,ddunnico3y@imageshack.us,Starion,1989
144,Louis,Gullyes,lgullyes3z@spiegel.de,XL-7,2006
145,Chelsie,Fanner,cfanner40@spiegel.de,Suburban 2500,2003
146,Dav,Girhard,dgirhard41@illinois.edu,Exige,2006
147,Garrott,Gymblett,ggymblett42@flickr.com,LR3,2005
148,Rivalee,Silvester,rsilvester43@netvibes.com,Millenia,1995
149,Braden,Sunshine,bsunshine44@prweb.com,Sable,1987
150,Dehlia,Bewly,dbewly45@reddit.com,SX4,2008
151,Cherianne,Quinn,cquinn46@usa.gov,Bonneville,2005
152,Corrianne,Terese,cterese47@studiopress.com,E250,2010
153,Humfried,Gullan,hgullan48@smugmug.com,Elantra,2001
154,Dillie,MacDermot,dmacdermot49@yelp.com,Trooper,1994
155,Kira,Redley,kredley4a@cbsnews.com,Uplander,2008
156,Benita,Kenlin,bkenlin4b@engadget.com,Taurus,1997
157,Skippie,Oxenham,soxenham4c@csmonitor.com,Civic,2007
158,Alistair,Beachem,abeachem4d@a8.net,T100,1996
159,Maddie,Marham,mmarham4e@dmoz.org,Charger,1999
160,Bibbye,Bull,bbull4f@webeden.co.uk,1500,1994
161,Derk,D'Aeth,ddaeth4g@gmpg.org,MX-5,2003
162,Ortensia,Cartmell,ocartmell4h@eepurl.com,944,1985
163,Trefor,Bazley,tbazley4i@slashdot.org,88,1993
164,Amanda,Pumphreys,apumphreys4j@behance.net,Genesis Coupe,2010
165,Ailis,Brownill,abrownill4k@clickbank.net,FX,2007
166,Forrester,Gorton,fgorton4l@wisc.edu,Escape,2005
167,Yuma,Arington,yarington4m@xing.com,Grand Cherokee,2010
168,Aksel,Battye,abattye4n@technorati.com,SVX,1992
169,Andromache,Bothie,abothie4o@cam.ac.uk,Ram Van 3500,1998
170,Jannelle,Coomber,jcoomber4p@smugmug.com,Neon,2000
171,Siegfried,Whapples,swhapples4q@t.co,Sparrow,2004
172,Hartley,Randal,hrandal4r@theguardian.com,G-Class,2008
173,Rodney,Lauder,rlauder4s@gnu.org,V8,1992
174,Kizzie,McGall,kmcgall4t@dropbox.com,Golf,2012
175,Kala,Ivankovic,kivankovic4u@ft.com,XJ Series,1994
176,Sharon,Vasey,svasey4v@g.co,PT Cruiser,2010
177,Michail,Sarginson,msarginson4w@elpais.com,TrailBlazer,2009
178,Raynell,Bunton,rbunton4x@issuu.com,Bravada,1997
179,Margarete,Clancey,mclancey4y@army.mil,Leganza,2001
180,Poppy,Gliddon,pgliddon4z@tiny.cc,Grand Am,1998
181,Bartie,Rooms,brooms50@phoca.cz,IS,2009
182,Arlee,Lorraine,alorraine51@mlb.com,Continental Flying Spur,2012
183,Arlinda,Mumford,amumford52@mlb.com,Astro,1997
184,Leilah,Derdes,lderdes53@discuz.net,612 Scaglietti,2008
185,Chrissy,MacKnocker,cmacknocker54@1688.com,S90,1998
186,Alex,Ritmeyer,aritmeyer55@paypal.com,S80,2009
187,Sapphire,Seddon,sseddon56@elpais.com,Corvette,1968
188,Sophronia,Mc Caughan,smccaughan57@twitpic.com,F350,2006
189,Adara,Piburn,apiburn58@printfriendly.com,W126,1981
190,Vinnie,Amey,vamey59@npr.org,Skylark,1997
191,Abbye,Normanville,anormanville5a@prnewswire.com,LeSabre,1988
192,Arden,Ezzy,aezzy5b@cargocollective.com,Grand Prix,1996
193,Dante,Heynen,dheynen5c@tmall.com,F-350 Super Duty,2006
194,Vaughn,Scogings,vscogings5d@homestead.com,XL-7,2004
195,Winne,Park,wpark5e@list-manage.com,Corvette,1961
196,Deeyn,Marner,dmarner5f@moonfruit.com,Suburban 1500,1998
197,Nathaniel,Percy,npercy5g@zdnet.com,Impreza,2008
198,Anjanette,Breckenridge,abreckenridge5h@mozilla.org,Passat,2003
199,Tim,Dabney,tdabney5i@google.fr,Park Avenue,1993
200,Raychel,Aleksandrev,raleksandrev5j@naver.com,Defender Ice Edition,2010
201,Hamel,Odgers,hodgers5k@comsenz.com,Tiburon,2004
202,Aldo,Corkell,acorkell5l@shinystat.com,2500,1996
203,Jorry,Valentinetti,jvalentinetti5m@ask.com,Highlander,2007
204,Clem,Sheather,csheather5n@goo.ne.jp,Blazer,2004
205,Barb,Noddings,bnoddings5o@nyu.edu,SC,2010
206,Sharron,Mussotti,smussotti5p@webeden.co.uk,Bonneville,1965
207,Lenka,Mayou,lmayou5q@deviantart.com,Vibe,2007
208,Beverly,Peoples,bpeoples5r@live.com,Cruze,2013
209,Chilton,Filip,cfilip5s@dmoz.org,MDX,2003
210,Corrina,Applegate,capplegate5t@arstechnica.com,Mirage,1984
211,Rickert,Forrestall,rforrestall5u@zimbio.com,3500,1997
212,Justin,Josovitz,jjosovitz5v@myspace.com,W201,1987
213,Dulci,de Leon,ddeleon5w@netscape.com,Starion,1988
214,Daria,Osbaldeston,dosbaldeston5x@yahoo.co.jp,SL-Class,2007
215,Annmarie,Balloch,aballoch5y@mit.edu,F-Series,2001
216,Reeva,Bullman,rbullman5z@scribd.com,Grand Prix,1990
217,Correy,Kehir,ckehir60@nasa.gov,5 Series,2000
218,Gabriela,Shannon,gshannon61@jugem.jp,7 Series,2007
219,Tad,Stoeck,tstoeck62@pbs.org,CR-V,2002
220,Ophelia,Phlippi,ophlippi63@w3.org,Milan,2007
221,Margaret,Cutchie,mcutchie64@reuters.com,Camry,1992
222,Katerine,Hatrick,khatrick65@google.cn,Jetta,1991
223,Wallis,Marquese,wmarquese66@scientificamerican.com,R-Class,2010
224,Berkly,Ogilvy,bogilvy67@geocities.com,M5,2007
225,Marijo,Iggulden,miggulden68@house.gov,Mystique,1996
226,Cindelyn,Van Der Weedenburg,cvanderweedenburg69@businesswire.com,Aspire,1997
227,Kinnie,Losselyong,klosselyong6a@google.es,DeVille,1997
228,Benny,Robertot,brobertot6b@twitpic.com,Yukon XL 2500,2007
229,Abrahan,Swalwell,aswalwell6c@360.cn,Aerostar,1991
230,Bridget,Sargant,bsargant6d@purevolume.com,V40,2000
231,Salome,Gandar,sgandar6e@altervista.org,Pathfinder,1994
232,Jenelle,Striker,jstriker6f@va.gov,Baja,2003
233,Morgan,Gosnay,mgosnay6g@illinois.edu,Grand Prix,1998
234,Guinna,Snodden,gsnodden6h@boston.com,E-350 Super Duty,2006
235,Kat,Garrett,kgarrett6i@discovery.com,Imperial,1993
236,Roderigo,Attenbrough,rattenbrough6j@ted.com,Grand Prix,2003
237,Norma,Ash,nash6k@wikia.com,240SX,1996
238,Jed,Cropton,jcropton6l@spotify.com,MKX,2011
239,Helsa,Blanning,hblanning6m@huffingtonpost.com,Pathfinder,1994
240,Zilvia,Onyon,zonyon6n@ycombinator.com,Excel,1993
241,Beverlee,Fandrey,bfandrey6o@lulu.com,207,2006
242,Tatum,Labrone,tlabrone6p@myspace.com,LS Hybrid,2010
243,Lars,Zanettini,lzanettini6q@google.com.au,370Z,2009
244,Gillan,Kirkbride,gkirkbride6r@blogspot.com,Excursion,2000
245,Jacques,Gaitley,jgaitley6s@comsenz.com,Q7,2007
246,Gaultiero,Shobbrook,gshobbrook6t@slate.com,tC,2007
247,Rodolphe,Tort,rtort6u@omniture.com,Savana 2500,2008
248,Bili,Brugman,bbrugman6v@google.com.hk,Ram 2500,2004
249,Clywd,Hulstrom,chulstrom6w@scientificamerican.com,Accord,2007
250,Dore,Phinnis,dphinnis6x@behance.net,9-5,2005
251,Rube,Vause,rvause6y@free.fr,Trans Sport,1992
252,Tisha,Alfonsini,talfonsini6z@barnesandnoble.com,LS,1997
253,Cad,Bostick,cbostick70@spiegel.de,Century,2001
254,Geraldine,Rhucroft,grhucroft71@bigcartel.com,Town Car,1997
255,Silvanus,Tappington,stappington72@who.int,Ram 50,1992
256,Gina,Tamas,gtamas73@bbc.co.uk,98,1995
257,Lucy,MacConnel,lmacconnel74@gnu.org,Intrepid,1999
258,Shaw,Ronayne,sronayne75@businesswire.com,4Runner,2001
259,Ardelis,Hubbart,ahubbart76@patch.com,QX,2012
260,Julita,Gabbitis,jgabbitis77@amazonaws.com,Solara,2003
261,Pembroke,Scole,pscole78@about.com,Sephia,1994
262,Cris,Endrici,cendrici79@ca.gov,Savana 1500,2005
263,Doug,Smewing,dsmewing7a@ucoz.com,Equus,2011
264,Porter,Streeton,pstreeton7b@example.com,Suburban 1500,1995
265,Clark,Showler,cshowler7c@twitpic.com,1 Series,2010
266,Natasha,Rozsa,nrozsa7d@booking.com,Frontier,2007
267,Christophe,Shelborne,cshelborne7e@bravesites.com,LeBaron,1994
268,Malchy,Bogie,mbogie7f@miitbeian.gov.cn,Transit Connect,2012
269,Mortimer,Singleton,msingleton7g@whitehouse.gov,Cirrus,1995
270,Humphrey,Hutten,hhutten7h@chronoengine.com,Corolla,2003
271,Serge,Frascone,sfrascone7i@dot.gov,Tiburon,2005
272,Babb,Shergold,bshergold7j@1688.com,Venture,2000
273,Caria,Duro,cduro7k@mediafire.com,Paseo,1996
274,Raye,Croce,rcroce7l@ted.com,Silverado 3500,2004
275,Kurt,Filipovic,kfilipovic7m@java.com,Century,1987
276,Diego,Schneidar,dschneidar7n@msu.edu,Magnum,2008
277,Julina,Nell,jnell7o@nytimes.com,F150,2003
278,Atlanta,Hanmer,ahanmer7p@google.de,Sky,2009
279,Di,Schonfelder,dschonfelder7q@elpais.com,Diamante,2004
280,Wolf,Lilford,wlilford7r@sphinn.com,Escalade,2006
281,Theo,Bourdice,tbourdice7s@last.fm,X3,2005
282,Kaleb,Dougherty,kdougherty7t@arizona.edu,530,2006
283,Chiquia,Egleton,cegleton7u@economist.com,Ram 3500,2008
284,Floris,Torpie,ftorpie7v@yelp.com,Thunderbird,1987
285,Axel,Bourcq,abourcq7w@harvard.edu,Grand Vitara,2003
286,Rriocard,Wasielewicz,rwasielewicz7x@quantcast.com,Cobalt,2006
287,Annabell,Nel,anel7y@seattletimes.com,Grand Cherokee,1995
288,Freddy,Leyden,fleyden7z@discovery.com,Aveo,2004
289,Cornelle,Glaisner,cglaisner80@chicagotribune.com,Prelude,1996
290,Sabina,Kivell,skivell81@archive.org,Continental,1999
291,Nina,Ewing,newing82@forbes.com,C-Class,1999
292,Mack,Burnitt,mburnitt83@mapy.cz,S4,1992
293,Carla,Prynne,cprynne84@yolasite.com,3 Series,2003
294,Letty,MacCombe,lmaccombe85@issuu.com,Avalanche,2002
295,Audry,Hardison,ahardison86@yahoo.co.jp,Esteem,2001
296,Hazel,Danielsson,hdanielsson87@1688.com,Concorde,2002
297,Ebeneser,Fuggles,efuggles88@bloomberg.com,Corrado,1992
298,Nanon,Signoret,nsignoret89@army.mil,Sienna,2002
299,Brandea,Paternoster,bpaternoster8a@disqus.com,CLS-Class,2008
300,Susan,Phillott,sphillott8b@nyu.edu,CX-7,2007
301,Rochella,Birt,rbirt8c@google.com.br,G-Series G20,1992
302,Zebulon,Mogridge,zmogridge8d@smugmug.com,F250,2005
303,Normand,Fuggles,nfuggles8e@trellian.com,Grand Cherokee,1998
304,Tyrone,Crocken,tcrocken8f@ucsd.edu,Mustang,1970
305,Brody,Berryann,bberryann8g@theguardian.com,Tredia,1985
306,Lisha,Acaster,lacaster8h@walmart.com,Genesis,2012
307,Minda,Klimochkin,mklimochkin8i@typepad.com,Corvette,2002
308,Bev,Pipping,bpipping8j@paginegialle.it,Century,1993
309,Munmro,Pollard,mpollard8k@prlog.org,Grand Vitara,2012
310,Phylys,Venning,pvenning8l@dagondesign.com,Yukon,1992
311,Kristyn,Fishbie,kfishbie8m@zimbio.com,Voyager,1993
312,Eberhard,De Normanville,edenormanville8n@ebay.com,Regal,1985
313,Jason,McGarel,jmcgarel8o@163.com,Gemini,1988
314,Cameron,Colleymore,ccolleymore8p@statcounter.com,L-Series,2004
315,Nina,Leydon,nleydon8q@time.com,Z4,2010
316,Martica,Pacey,mpacey8r@opensource.org,Scoupe,1992
317,Rebeca,Irons,rirons8s@facebook.com,Skylark,1994
318,Laird,Scoone,lscoone8t@ucsd.edu,6 Series,1989
319,Magda,Offill,moffill8u@sciencedirect.com,Topaz,1984
320,Jasper,Barrington,jbarrington8v@si.edu,Prius,2003
321,Zaneta,Fradson,zfradson8w@businessweek.com,Sedona,2012
322,Shari,Webber,swebber8x@wsj.com,Elantra,2003
323,Kimbra,Douthwaite,kdouthwaite8y@shinystat.com,5 Series,2004
324,Xenia,Brickwood,xbrickwood8z@t.co,600,1957
325,Hanan,Mathers,hmathers90@yellowbook.com,98,1993
326,Pris,O' Bee,pobee91@sfgate.com,Caravan,2010
327,Barbee,Petrosian,bpetrosian92@craigslist.org,Forester,1998
328,Batholomew,Dobell,bdobell93@guardian.co.uk,Gran Sport,2005
329,Gretta,Andrichuk,gandrichuk94@guardian.co.uk,Silverado 1500,2003
330,Dody,Trevains,dtrevains95@bigcartel.com,Edge,2007
331,Maudie,Clutterham,mclutterham96@livejournal.com,Fairlane,1967
332,Rois,Ellingford,rellingford97@reverbnation.com,Town & Country,2006
333,Carol,Penella,cpenella98@samsung.com,New Beetle,1999
334,Estrella,Pellamont,epellamont99@telegraph.co.uk,E350,2005
335,Gwen,Mines,gmines9a@samsung.com,Focus,2013
336,Barthel,Ewestace,bewestace9b@diigo.com,Relay,2005
337,Sadye,Elverston,selverston9c@sciencedaily.com,Wrangler,2004
338,Consuelo,Dugmore,cdugmore9d@nature.com,QX,2002
339,Herschel,Varden,hvarden9e@ucsd.edu,9-3,2006
340,Garrett,O'Dunneen,godunneen9f@gmpg.org,A7,2012
341,Murial,Manjin,mmanjin9g@twitter.com,Landaulet,2011
342,Heall,MacConchie,hmacconchie9h@mtv.com,Tredia,1986
343,Valaree,Guice,vguice9i@mit.edu,Ram Van B250,1993
344,Isac,Crumpton,icrumpton9j@vimeo.com,XK Series,1998
345,Gerome,Reedick,greedick9k@icio.us,B-Series Plus,2000
346,Millisent,Dwelley,mdwelley9l@mail.ru,PT Cruiser,2001
347,Alexis,McGinnis,amcginnis9m@newyorker.com,Versa,2011
348,Wyatt,Tomblett,wtomblett9n@cafepress.com,Land Cruiser,1992
349,Linda,McFetridge,lmcfetridge9o@springer.com,Capri,1994
350,Rudd,Slafford,rslafford9p@upenn.edu,DeVille,1998
351,Roseanna,Blazevic,rblazevic9q@cafepress.com,Sidekick,1997
352,Quintina,Reder,qreder9r@privacy.gov.au,626,1994
353,Amitie,Hassin,ahassin9s@sphinn.com,Bonneville,1968
354,Brigg,Jacobson,bjacobson9t@techcrunch.com,Rabbit,2008
355,Antoine,Matkovic,amatkovic9u@purevolume.com,Ridgeline,2012
356,Bria,Lefeuvre,blefeuvre9v@adobe.com,Highlander,2002
357,Alisa,Revey,arevey9w@aboutads.info,Samurai,1995
358,Polly,Canfield,pcanfield9x@nationalgeographic.com,Protege,1995
359,Margarita,Downing,mdowning9y@nationalgeographic.com,Pathfinder,1994
360,Matt,Wayon,mwayon9z@ucoz.com,Century,2004
361,Krissie,Verring,kverringa0@businesswire.com,GS,2005
362,Rosemarie,Maggs,rmaggsa1@youtube.com,Liberty,2002
363,Eran,Harring,eharringa2@creativecommons.org,HS,2012
364,Luelle,Clemenza,lclemenzaa3@artisteer.com,Savana 3500,2010
365,Innis,O'Doherty,iodohertya4@weebly.com,Prowler,2002
366,Yul,Storm,ystorma5@newsvine.com,Corolla,1999
367,Amberly,Hutchin,ahutchina6@fda.gov,Dakota,1996
368,Marcella,O' Faherty,mofahertya7@tmall.com,Cruze,2013
369,Reinaldo,Smogur,rsmogura8@cdc.gov,Ranger,1993
370,Diandra,Shoute,dshoutea9@earthlink.net,T100 Xtra,1997
371,Gaile,Culter,gculteraa@wikipedia.org,4Runner,2008
372,Jacob,Franschini,jfranschiniab@google.it,Silverado 1500,2008
373,Merl,Easlea,measleaac@wsj.com,Traverse,2012
374,Jeana,Storrs,jstorrsad@wikispaces.com,Tacoma,2004
375,Marion,Saward,msawardae@google.com,Liberty,2006
376,Wyatt,Greenfield,wgreenfieldaf@vk.com,MKS,2009
377,Emalia,Dunlap,edunlapag@phoca.cz,1500,1993
378,Veronike,Robbie,vrobbieah@reddit.com,Ram 2500,2001
379,Irwin,Hellmer,ihellmerai@last.fm,SJ,1994
380,Benedick,Guiducci,bguiducciaj@google.com.br,Galant,2007
381,Brear,Patridge,bpatridgeak@mlb.com,MX-6,1991
382,Titus,Iacovielli,tiacoviellial@vinaora.com,Sportage,2009
383,Klaus,Franz,kfranzam@privacy.gov.au,RAV4,1998
384,Marys,Palumbo,mpalumboan@ezinearticles.com,Cavalier,2004
385,Judy,Staig,jstaigao@marriott.com,Discovery,2002
386,Eleanora,Stathers,estathersap@hao123.com,RSX,2003
387,Shelbi,Cundey,scundeyaq@google.fr,Alpina B7,2007
388,Lenna,Cubitt,lcubittar@w3.org,GL-Class,2011
389,Jorgan,Raitt,jraittas@pen.io,Prelude,1998
390,Imelda,Leggin,ilegginat@ifeng.com,Scirocco,1986
391,Nikos,Abrahmovici,nabrahmoviciau@livejournal.com,Freelander,2001
392,Stanleigh,Casburn,scasburnav@nyu.edu,430 Scuderia,2008
393,Gray,Klainer,gklaineraw@deliciousdays.com,Prizm,1993
394,Jodi,Harrington,jharringtonax@google.it,Impala,2008
395,Gracia,Eckh,geckhay@hibu.com,Santa Fe,2009
396,Price,McBean,pmcbeanaz@infoseek.co.jp,Prius,2007
397,Cinnamon,Petrollo,cpetrollob0@nhs.uk,Bravada,1992
398,Nedda,Schleicher,nschleicherb1@yandex.ru,Golf,2003
399,Worthy,Abramovitch,wabramovitchb2@bloglovin.com,Discovery,1999
400,Dixie,Elfleet,delfleetb3@photobucket.com,Savana 3500,2003
401,Sigmund,Vigars,svigarsb4@mapy.cz,Pajero,1992
402,Ardine,Hebborn,ahebbornb5@dailymail.co.uk,Caravan,1993
403,Malachi,Impy,mimpyb6@latimes.com,Dakota,1996
404,Leonora,Ricard,lricardb7@over-blog.com,Express,2010
405,Lezlie,Griffen,lgriffenb8@nydailynews.com,300ZX,1992
406,Nick,Wakenshaw,nwakenshawb9@samsung.com,Grand Am,1987
407,Anatollo,Hedling,ahedlingba@indiegogo.com,Mighty Max Macro,1994
408,Isidoro,Spridgeon,ispridgeonbb@opensource.org,Elantra,2008
409,Irwinn,Treslove,itreslovebc@newyorker.com,Rainier,2007
410,Beret,Berzen,bberzenbd@com.com,Tiguan,2009
411,Anatole,Stockin,astockinbe@ucsd.edu,Edge,2010
412,Frederic,Hulks,fhulksbf@list-manage.com,Navigator,2006
413,Otes,Duckerin,oduckerinbg@vinaora.com,Express 3500,1999
414,Had,McGunley,hmcgunleybh@soup.io,626,1996
415,Cathrin,Orniz,cornizbi@constantcontact.com,Boxster,2004
416,Kathy,Abramovici,kabramovicibj@cdc.gov,Range Rover Sport,2007
417,Fred,Clem,fclembk@redcross.org,Astro,2000
418,Melitta,Vannini,mvanninibl@marriott.com,Countach,1988
419,Stern,Daveran,sdaveranbm@hud.gov,Corvette,1954
420,Hildagard,Maryska,hmaryskabn@bigcartel.com,Tacoma,2007
421,Reinhard,Lynam,rlynambo@time.com,IS F,2011
422,Lurette,Jobling,ljoblingbp@shop-pro.jp,RX,2010
423,Hestia,Lewknor,hlewknorbq@jiathis.com,Camry Hybrid,2007
424,Daren,Tranter,dtranterbr@mlb.com,Aerio,2004
425,Teodor,Gley,tgleybs@home.pl,V70,2004
426,Horatius,Schwieso,hschwiesobt@pinterest.com,Town Car,2000
427,Duane,Barz,dbarzbu@nasa.gov,2e,2009
428,Yanaton,Dymock,ydymockbv@globo.com,Z8,2003
429,Osbourne,Pickance,opickancebw@umich.edu,LS Hybrid,2010
430,Christiano,Horbart,chorbartbx@hhs.gov,911,1990
431,Corbin,Annott,cannottby@berkeley.edu,D150 Club,1992
432,Myrtle,Lordon,mlordonbz@rakuten.co.jp,XJ,2012
433,Daryle,Ivushkin,divushkinc0@geocities.jp,Bonneville,1968
434,Devi,Hannan,dhannanc1@ustream.tv,Matrix,2007
435,Rufus,Persich,rpersichc2@salon.com,Crown Victoria,2003
436,Banky,Hounsome,bhounsomec3@de.vu,Century,1992
437,Arnoldo,Disman,adismanc4@imageshack.us,Golf,1989
438,Clifford,Mitchener,cmitchenerc5@istockphoto.com,Swift,2005
439,Augie,Delacourt,adelacourtc6@purevolume.com,SX4,2012
440,Jaquith,Esberger,jesbergerc7@kickstarter.com,911,2001
441,Danella,Bollon,dbollonc8@printfriendly.com,Familia,1990
442,Toddie,Tomadoni,ttomadonic9@virginia.edu,LTD Crown Victoria,1990
443,Noni,Egdell,negdellca@multiply.com,Aura,2007
444,Nappy,Boarer,nboarercb@geocities.jp,Roadmaster,1996
445,Evangeline,Siney,esineycc@sakura.ne.jp,Azure,2010
446,Heinrick,Dutnell,hdutnellcd@newsvine.com,Fairlane,1965
447,Mayne,Gebbe,mgebbece@wired.com,Quantum,1984
448,Joycelin,Washbrook,jwashbrookcf@mozilla.org,XLR,2009
449,Bartholomeo,Dowtry,bdowtrycg@twitpic.com,Explorer,1993
450,Ellene,Bleas,ebleasch@loc.gov,Q,1993
451,Ricoriki,Dummett,rdummettci@fotki.com,V8,1990
452,Abigale,Nann,ananncj@goo.gl,Z4,2006
453,Derick,Iannuzzelli,diannuzzellick@netscape.com,Torino,1970
454,Evania,Yearsley,eyearsleycl@usatoday.com,Altima,2010
455,Laird,Shakshaft,lshakshaftcm@apple.com,100,1992
456,Rosana,Pieche,rpiechecn@cargocollective.com,Traverse,2011
457,Cob,Vasey,cvaseyco@cisco.com,Samurai,1992
458,Devlen,McAteer,dmcateercp@nydailynews.com,Trooper,1997
459,Dietrich,Chaperlin,dchaperlincq@bbc.co.uk,Edge,2010
460,Temple,Strangwood,tstrangwoodcr@oracle.com,Forenza,2006
461,Aurlie,Pirrie,apirriecs@kickstarter.com,Impreza,2004
462,Dede,Longmead,dlongmeadct@utexas.edu,Aveo,2008
463,Welsh,Downes,wdownescu@hexun.com,Elantra,2001
464,Muffin,Yakovlev,myakovlevcv@rediff.com,Tiguan,2009
465,Dru,Batman,dbatmancw@blogs.com,3000GT,1994
466,Bryce,Roskams,broskamscx@w3.org,Topaz,1986
467,Bartholomew,Saberton,bsabertoncy@washington.edu,Sportvan G20,1995
468,Gib,Kemwal,gkemwalcz@linkedin.com,Justy,1987
469,Valma,Bofield,vbofieldd0@opera.com,300,2011
470,Beckie,Mardling,bmardlingd1@earthlink.net,Neon,2003
471,Christi,Bould,cbouldd2@mayoclinic.com,Sephia,1996
472,Carree,Bunclark,cbunclarkd3@hp.com,E150,2007
473,Jammal,McLeod,jmcleodd4@tiny.cc,Savana 1500,1997
474,Winnah,Nairn,wnairnd5@java.com,Impreza,1994
475,Rodie,Poundford,rpoundfordd6@cam.ac.uk,Galant,1988
476,Herc,McGovern,hmcgovernd7@123-reg.co.uk,Accent,1997
477,Elie,Dover,edoverd8@va.gov,Lynx,1984
478,Karl,Lathy,klathyd9@freewebs.com,9000,1997
479,Lorenzo,Pridie,lpridieda@jiathis.com,Montero,2002
480,Hildy,Hartill,hhartilldb@oaic.gov.au,Express 1500,2007
481,Merline,Aspel,maspeldc@etsy.com,Outback,2004
482,Zondra,Bollini,zbollinidd@seesaa.net,Navigator L,2008
483,Benny,Yourell,byourellde@nymag.com,CR-V,2000
484,Marylou,Casewell,mcasewelldf@reverbnation.com,S-Class,2007
485,Ree,Jays,rjaysdg@sciencedirect.com,GS,1996
486,Thor,Zanetti,tzanettidh@dagondesign.com,Patriot,2008
487,Giffy,Tarbox,gtarboxdi@cnet.com,MKZ,2007
488,Amaleta,Ower,aowerdj@ning.com,Corvette,2004
489,Harrie,Lindro,hlindrodk@mapy.cz,LTD Crown Victoria,1987
490,Blayne,Fonte,bfontedl@tinypic.com,Outlander,2005
491,Shalna,Blaxill,sblaxilldm@apache.org,Prius,2010
492,Emmy,Yellowlea,eyellowleadn@eepurl.com,Corvette,2011
493,Doris,Lear,dleardo@statcounter.com,Z4 M,2009
494,Illa,Kippax,ikippaxdp@creativecommons.org,Truck,1985
495,Holmes,Karleman,hkarlemandq@census.gov,Fleetwood,1996
496,Kessia,Mazonowicz,kmazonowiczdr@theguardian.com,SVX,1996
497,Gardiner,Winks,gwinksds@cornell.edu,Dakota,2009
498,Tait,Lethem,tlethemdt@ovh.net,Sierra 1500,2006
499,Margie,Bart,mbartdu@creativecommons.org,Samurai,1993
500,Halley,Fordy,hfordydv@bbc.co.uk,F-Series Super Duty,2007
501,Cirilo,Sexty,csextydw@woothemes.com,S40,2010
502,Claudell,Morgan,cmorgandx@ustream.tv,Lancer Evolution,2004
503,Thekla,Burrage,tburragedy@devhub.com,Altima,2002
504,Emilee,Colliver,ecolliverdz@canalblog.com,Boxster,2012
505,Joanne,Davydenko,jdavydenkoe0@army.mil,GS,2010
506,Ricardo,Basilio,rbasilioe1@freewebs.com,Caprice Classic,1994
507,Daphne,Derisly,dderislye2@ihg.com,C-Class,2009
508,Etti,Thairs,ethairse3@shutterfly.com,A4,2003
509,Torie,Inglesant,tinglesante4@yolasite.com,Thunderbird,1958
510,Dugald,Whitsey,dwhitseye5@addthis.com,3500,1998
511,Aleece,Rainey,araineye6@fda.gov,Altima,2006
512,Arvy,Janak,ajanake7@wikimedia.org,XJ Series,2005
513,Nadine,Priddy,npriddye8@ehow.com,Cordia,1985
514,Humphrey,Stanborough,hstanboroughe9@reverbnation.com,300SE,1993
515,Abie,McNeillie,amcneillieea@amazon.com,Esprit,1996
516,Mahala,McGannon,mmcgannoneb@goo.gl,626,1996
517,Gerri,Mineghelli,gmineghelliec@artisteer.com,Explorer Sport,2003
518,Ware,Challenor,wchallenored@youtu.be,E250,2010
519,Karlie,Calow,kcalowee@gmpg.org,Chariot,1986
520,Llywellyn,Gribben,lgribbenef@tumblr.com,Express 1500,2011
521,Catlee,McKinnon,cmckinnoneg@4shared.com,3500 Club Coupe,1992
522,Ortensia,Dearell,odearelleh@deviantart.com,Mustang,2001
523,Eolande,Cousins,ecousinsei@e-recht24.de,Cherokee,1993
524,Darb,Dillinton,ddillintonej@jiathis.com,Ram 1500,2006
525,Cathrine,Sherr,csherrek@usnews.com,Escalade,2012
526,Thomasa,Tummons,ttummonsel@eepurl.com,944,1985
527,Pippa,Bofield,pbofieldem@reuters.com,Esprit,1985
528,Lane,Piscot,lpiscoten@pen.io,Concorde,2001
529,Appolonia,Kevis,akeviseo@sphinn.com,Jetta,1997
530,Rand,Squibbs,rsquibbsep@angelfire.com,Highlander,2006
531,Ulick,MacLeod,umacleodeq@istockphoto.com,Sienna,2010
532,Lacy,Depka,ldepkaer@dion.ne.jp,Fleetwood,1993
533,Jewell,Andrusov,jandrusoves@php.net,Sonata,2000
534,Bree,Bend,bbendet@t.co,Nitro,2007
535,Izaak,Tuftin,ituftineu@joomla.org,QX56,2009
536,Cecilla,De Bernardi,cdebernardiev@toplist.cz,Voyager,2000
537,Carlita,Huxton,chuxtonew@blogs.com,Range Rover,2012
538,Selina,Churchard,schurchardex@xrea.com,Grand Prix,1964
539,Charley,Fonte,cfonteey@apache.org,Stealth,1995
540,Pansy,Hoyland,phoylandez@pcworld.com,Carens,2007
541,Gwenni,Ivett,givettf0@aboutads.info,Starion,1986
542,Nerissa,Reeday,nreedayf1@walmart.com,Freestar,2003
543,Rozanna,Hubbock,rhubbockf2@businessinsider.com,Tracker,1992
544,Ashley,Ready,areadyf3@nih.gov,Express 1500,2009
545,Corena,Berrisford,cberrisfordf4@live.com,Verona,2006
546,Briggs,Iacovazzi,biacovazzif5@blinklist.com,Murano,2011
547,Edgar,Flasby,eflasbyf6@cbsnews.com,VS Commodore,1997
548,Eryn,Gribbins,egribbinsf7@moonfruit.com,Passat,1991
549,Lauren,Goddman,lgoddmanf8@ycombinator.com,Phaeton,2005
550,Cortie,Burde,cburdef9@people.com.cn,Santa Fe,2001
551,Evelyn,Hugnin,ehugninfa@google.es,Dakota,2009
552,Dennis,Neumann,dneumannfb@slideshare.net,HHR,2008
553,Phillipp,Aloway,palowayfc@craigslist.org,Yukon XL 2500,2011
554,Kasey,Deroche,kderochefd@360.cn,Odyssey,2004
555,Margie,Billiard,mbilliardfe@europa.eu,LeMans,1966
556,Rorie,Kop,rkopff@timesonline.co.uk,E-Class,2002
557,Jonas,Emnoney,jemnoneyfg@purevolume.com,ES,2003
558,Tawnya,Crosthwaite,tcrosthwaitefh@jigsy.com,Taurus,2002
559,Arvy,Farfolomeev,afarfolomeevfi@wikimedia.org,GTI,1996
560,Hewett,Canada,hcanadafj@mozilla.com,J,1995
561,Amery,Caney,acaneyfk@e-recht24.de,911,1993
562,Addie,De Giorgio,adegiorgiofl@who.int,Expedition EL,2010
563,Gene,Boundley,gboundleyfm@hp.com,Aztek,2004
564,Jackson,Vizor,jvizorfn@wordpress.org,Eldorado,2000
565,Ardene,Vidgen,avidgenfo@pen.io,LS,2006
566,Dian,Kings,dkingsfp@bloglines.com,Aurora,2001
567,Arte,Raden,aradenfq@stanford.edu,Golf III,1994
568,Tyrus,Doles,tdolesfr@usatoday.com,Explorer Sport Trac,2005
569,Rhett,Biskupski,rbiskupskifs@moonfruit.com,Eclipse,2000
570,Noll,Mickelwright,nmickelwrightft@marketwatch.com,Villager,1993
571,Maribeth,Ellerbeck,mellerbeckfu@webmd.com,Mustang,1968
572,Sophi,Strephan,sstrephanfv@state.gov,H1,1995
573,Delores,Brounfield,dbrounfieldfw@privacy.gov.au,Magnum,2005
574,Janice,Gudyer,jgudyerfx@imdb.com,3000GT,1996
575,Tim,Bruhke,tbruhkefy@webs.com,A6,2000
576,Boigie,Figgures,bfigguresfz@accuweather.com,E-Class,1996
577,Pauly,O'Hartnedy,pohartnedyg0@nature.com,Forenza,2006
578,Biddy,Lashmore,blashmoreg1@flickr.com,M5,2010
579,Suellen,Berrigan,sberrigang2@trellian.com,Corvette,1988
580,Marla,Muggleton,mmuggletong3@upenn.edu,CC,2009
581,Meier,Jerrim,mjerrimg4@umich.edu,Wrangler,2010
582,Ryun,Broke,rbrokeg5@sina.com.cn,LeMans,1992
583,Koren,Monnoyer,kmonnoyerg6@usnews.com,Spirit,1995
584,Wallie,Ruff,wruffg7@ifeng.com,Caravan,2006
585,Gertie,Kettlestringes,gkettlestringesg8@netlog.com,Country,1967
586,D'arcy,Scrammage,dscrammageg9@army.mil,Camaro,1992
587,Isadore,Ledwich,iledwichga@stanford.edu,SLK-Class,2011
588,Rosita,Beinke,rbeinkegb@ovh.net,Grand Prix,1962
589,Corinna,McKevitt,cmckevittgc@elegantthemes.com,E-Class,2000
590,Link,McNeish,lmcneishgd@google.ca,4Runner,2004
591,Merrile,Terne,mternege@sun.com,Grand Caravan,2005
592,Lilian,Astlet,lastletgf@patch.com,Safari,1993
593,Evered,Gunstone,egunstonegg@e-recht24.de,A4,1996
594,Arleyne,Iacobassi,aiacobassigh@craigslist.org,Sierra 3500,2003
595,Peder,Marchelli,pmarchelligi@pbs.org,9000,1997
596,Filippa,Jessett,fjessettgj@blogtalkradio.com,Dakota Club,1998
597,Grannie,Delacourt,gdelacourtgk@state.tx.us,Ram 3500 Club,1995
598,Isaiah,Skillen,iskillengl@google.it,LeBaron,1995
599,Page,Fearick,pfearickgm@guardian.co.uk,DB9,2009
600,Monika,Loosely,mlooselygn@omniture.com,Colt,1994
601,Lanette,Chancelier,lchanceliergo@marriott.com,XJ Series,1997
602,Pen,Leate,pleategp@sfgate.com,Galant,2004
603,Mahmoud,Huzzey,mhuzzeygq@cnn.com,Astro,1999
604,Colin,Lindeboom,clindeboomgr@ebay.com,57,2011
605,Earle,Yurshev,eyurshevgs@imageshack.us,LeSabre,1996
606,Dix,Greenin,dgreeningt@weibo.com,Fit,2010
607,Mile,Christou,mchristougu@example.com,Civic,2003
608,Prue,Joskowitz,pjoskowitzgv@mapy.cz,F250,2012
609,Thornie,Guitte,tguittegw@answers.com,Laser,1989
610,Rafaelia,Yerrell,ryerrellgx@opera.com,Rodeo,2001
611,Caye,Buckley,cbuckleygy@eepurl.com,Diamante,1998
612,Dulce,Pavkovic,dpavkovicgz@skype.com,88,1995
613,Teresa,Juggings,tjuggingsh0@list-manage.com,MPV,1998
614,Glyn,Mardell,gmardellh1@chronoengine.com,Sorento,2012
615,Tedd,Hubbins,thubbinsh2@newsvine.com,Grand Marquis,1989
616,Findlay,Cinderey,fcindereyh3@ca.gov,Concorde,1998
617,Minor,Penrice,mpenriceh4@umich.edu,Hearse,1996
618,Lazaro,Streeter,lstreeterh5@squidoo.com,New Beetle,2007
619,Viola,Prevost,vprevosth6@nih.gov,Elise,2011
620,Bourke,Iscowitz,biscowitzh7@flickr.com,Amigo,1993
621,Florrie,Hartfleet,fhartfleeth8@acquirethisname.com,Oasis,1999
622,Augustin,Udden,auddenh9@php.net,Silverado,1999
623,Dan,Dumphrey,ddumphreyha@quantcast.com,Touareg,2010
624,Agace,Collihole,acolliholehb@ed.gov,430 Scuderia,2009
625,Zacharia,Shilton,zshiltonhc@reverbnation.com,Echo,2004
626,Cash,Haughin,chaughinhd@usgs.gov,Pacifica,2007
627,Kimberley,Lenormand,klenormandhe@shutterfly.com,Sunbird,1993
628,Ilene,Bance,ibancehf@timesonline.co.uk,Sidekick,1992
629,Lolita,Langdridge,llangdridgehg@deliciousdays.com,S80,2012
630,Marv,Latour,mlatourhh@free.fr,Tempest,1965
631,Aimil,Dog,adoghi@techcrunch.com,Bonneville,2005
632,Colly,Winfrey,cwinfreyhj@nature.com,FX,2008
633,Jobie,Pele,jpelehk@nba.com,3 Series,2008
634,Trenton,Kave,tkavehl@marriott.com,CL-Class,2004
635,Maggi,Jackman,mjackmanhm@list-manage.com,900,1992
636,Marco,Wildman,mwildmanhn@spotify.com,5 Series,1992
637,Nil,Rising,nrisingho@bbb.org,Shadow,1992
638,Shena,Grimmett,sgrimmetthp@bbb.org,LS,2006
639,Konstantin,Champley,kchampleyhq@ted.com,Sable,1992
640,Mildred,Priden,mpridenhr@boston.com,XF,2012
641,Rachelle,Giffen,rgiffenhs@geocities.com,Firebird,1987
642,Osmond,MacGibbon,omacgibbonht@pagesperso-orange.fr,Savana 1500,2009
643,Anstice,Gummory,agummoryhu@w3.org,Justy,1987
644,Renie,Callan,rcallanhv@vkontakte.ru,Probe,1994
645,Oliver,Lepope,olepopehw@tiny.cc,Expedition,2001
646,Delainey,Avann,davannhx@boston.com,2500,1994
647,Mitchell,Woloschinski,mwoloschinskihy@time.com,Vitara,1999
648,Tedd,Futter,tfutterhz@weibo.com,Viper RT/10,1994
649,Corette,Extance,cextancei0@spiegel.de,G25,2011
650,Leah,Tipler,ltipleri1@vinaora.com,Quest,1998
651,Missy,De Micoli,mdemicolii2@house.gov,Esprit,1991
652,Marcus,Burder,mburderi3@tuttocitta.it,Legend,1988
653,Hester,Commins,hcomminsi4@e-recht24.de,850,1996
654,Oralia,Powland,opowlandi5@vk.com,Range Rover,2011
655,Corilla,Bourner,cbourneri6@t-online.de,Grand Cherokee,1995
656,Pollyanna,Sebright,psebrighti7@parallels.com,SL-Class,1986
657,Brent,Clayden,bclaydeni8@pagesperso-orange.fr,M5,2002
658,Alina,Anfusso,aanfussoi9@topsy.com,Fusion,2008
659,Annabela,Woodyeare,awoodyeareia@webeden.co.uk,Suburban 2500,1992
660,Charil,Rubenfeld,crubenfeldib@wisc.edu,Optima,2007
661,Ode,Milleton,omilletonic@histats.com,QX56,2009
662,Boigie,Callaby,bcallabyid@forbes.com,Murciélago,2005
663,Christie,Matthewes,cmatthewesie@bravesites.com,Ram 2500,1997
664,Gretta,Leete,gleeteif@webeden.co.uk,GTI,1991
665,Scarlet,Sporton,ssportonig@github.io,XC90,2007
666,Rebecka,Skeffington,rskeffingtonih@yandex.ru,E150,2010
667,Rhetta,Stubbert,rstubbertii@chronoengine.com,Camry Solara,2006
668,Winne,Casazza,wcasazzaij@addthis.com,Pilot,2010
669,Caryl,McNelis,cmcnelisik@ebay.com,6000,1988
670,Trudey,Elphick,telphickil@elpais.com,Bronco,1995
671,Renado,Dumbelton,rdumbeltonim@pagesperso-orange.fr,XC60,2009
672,Ignacius,Sivyer,isivyerin@unblog.fr,IS,2009
673,Hewe,Colliss,hcollissio@zdnet.com,Sequoia,2007
674,Leoline,Rumsby,lrumsbyip@businesswire.com,RX-7,1995
675,Marietta,Vacher,mvacheriq@amazon.co.jp,57,2007
676,Tybie,Storck,tstorckir@cbsnews.com,GS,1995
677,Christiana,Harford,charfordis@geocities.com,SLK-Class,1998
678,Tatum,Marvel,tmarvelit@ox.ac.uk,Tacoma,2011
679,Babette,Iacovaccio,biacovaccioiu@vinaora.com,Riviera,1990
680,Yalonda,Batkin,ybatkiniv@moonfruit.com,Ram 2500,2001
681,Nikaniki,Strode,nstrodeiw@usda.gov,A6,2009
682,Myrtia,Heintsch,mheintschix@whitehouse.gov,100,1989
683,Dorian,Shelmerdine,dshelmerdineiy@squidoo.com,S4,1993
684,Melinda,Matfield,mmatfieldiz@guardian.co.uk,Camaro,2000
685,Zora,Dwyer,zdwyerj0@free.fr,Express 3500,2004
686,Eleonore,Canario,ecanarioj1@usatoday.com,Laser,1991
687,Wally,Crippell,wcrippellj2@wiley.com,Impreza,2003
688,Frasquito,Fynan,ffynanj3@freewebs.com,Accent,2006
689,Marten,Crellin,mcrellinj4@unicef.org,Vitara,2001
690,Persis,Missington,pmissingtonj5@delicious.com,Prius c,2012
691,Reynolds,Howorth,rhoworthj6@skyrock.com,B-Series,1999
692,Rori,Anmore,ranmorej7@loc.gov,Miata MX-5,2012
693,Alejandrina,Broady,abroadyj8@google.es,Econoline E350,1993
694,Stern,Haversham,shavershamj9@zdnet.com,Legacy,2009
695,Elicia,Snookes,esnookesja@digg.com,Challenger,2003
696,Janel,Jillings,jjillingsjb@elegantthemes.com,Cougar,1995
697,Giffy,Larrad,glarradjc@tiny.cc,Lanos,2000
698,Lianna,Twentyman,ltwentymanjd@discovery.com,Wrangler,2012
699,Jodi,Tattersdill,jtattersdillje@jimdo.com,E-Series,1986
700,Maible,Cerith,mcerithjf@cloudflare.com,Viper,1999
701,Elwood,Reaney,ereaneyjg@reverbnation.com,Blazer,1994
702,Lyle,Neighbour,lneighbourjh@drupal.org,458 Italia,2011
703,Beryle,Hadgkiss,bhadgkissji@amazon.co.uk,MR2,1993
704,Iorgo,Maggs,imaggsjj@va.gov,del Sol,1994
705,Tracey,Wordington,twordingtonjk@aboutads.info,Element,2006
706,Paton,Lean,pleanjl@marketwatch.com,F-Series,1986
707,Gweneth,Sant,gsantjm@taobao.com,X6,2008
708,Nissie,Mustill,nmustilljn@instagram.com,Quattroporte,2007
709,Ambur,Gonzalo,agonzalojo@latimes.com,Space,1984
710,Amy,Povah,apovahjp@amazon.com,LaCrosse,2008
711,Nanete,Stanesby,nstanesbyjq@craigslist.org,LeMans,1968
712,Terrell,Berka,tberkajr@flavors.me,Entourage,2008
713,Imogen,Hatfield,ihatfieldjs@mozilla.org,B-Series Plus,1997
714,Clementine,Qualtrough,cqualtroughjt@narod.ru,Expedition,2002
715,Nixie,Harkess,nharkessju@posterous.com,Cabriolet,1997
716,Eleni,Sandels,esandelsjv@sitemeter.com,G,2012
717,Rozamond,Croci,rcrocijw@prweb.com,Spyder,2003
718,Ivy,Windridge,iwindridgejx@seesaa.net,F350,2011
719,Andromache,Storrah,astorrahjy@miibeian.gov.cn,Mazda5,2012
720,Krysta,Makey,kmakeyjz@apache.org,GS,2002
721,Melania,O'Geneay,mogeneayk0@symantec.com,Neon,1997
722,Marga,Falkus,mfalkusk1@microsoft.com,G-Series G30,1992
723,Harwilll,Swinglehurst,hswinglehurstk2@opensource.org,CLS-Class,2011
724,Everett,Summerill,esummerillk3@blogspot.com,Aveo,2004
725,Kaitlin,Pontain,kpontaink4@squarespace.com,Roadster,2010
726,Nevins,Dahler,ndahlerk5@etsy.com,Liberty,2007
727,Morgen,Reddy,mreddyk6@army.mil,Rodeo,2000
728,Yalonda,Surphliss,ysurphlissk7@pbs.org,Rodeo,1996
729,Roderich,Brigden,rbrigdenk8@pagesperso-orange.fr,Dakota Club,1997
730,Jodie,Sher,jsherk9@ftc.gov,S40,2001
731,Chen,Ralph,cralphka@wikispaces.com,Voyager,2000
732,Else,Kirkland,ekirklandkb@paypal.com,Reatta,1988
733,Ximenes,Holde,xholdekc@google.de,G-Class,2007
734,Philipa,Cocozza,pcocozzakd@oracle.com,Alero,2003
735,Magda,Renwick,mrenwickke@flavors.me,Classic,2004
736,Conrad,Rocco,croccokf@gmpg.org,Impala,2000
737,Enrichetta,Vondrach,evondrachkg@xinhuanet.com,Canyon,2005
738,Tobey,Lemin,tleminkh@home.pl,Sentra,1993
739,Alexandrina,Starrs,astarrski@jimdo.com,Explorer,1993
740,Katey,De Bernardis,kdebernardiskj@google.com.br,LS,2004
741,Isabeau,Ugolotti,iugolottikk@hc360.com,GTI,1992
742,Archibald,Ishaki,aishakikl@seattletimes.com,Spectra,2005
743,Mareah,Hartegan,mhartegankm@hatena.ne.jp,Grand Voyager,1998
744,Carmel,Pickthall,cpickthallkn@seattletimes.com,Lancer,2012
745,Gunar,Bullman,gbullmanko@chron.com,4Runner,2002
746,Guthrey,Joselson,gjoselsonkp@independent.co.uk,SL-Class,1994
747,Hailey,Howen,hhowenkq@fema.gov,Viper,1996
748,Marijo,Krugmann,mkrugmannkr@163.com,Laser,1988
749,Grantham,Skentelbery,gskentelberyks@bandcamp.com,GS,1993
750,Lindie,Faas,lfaaskt@devhub.com,B-Series Plus,1995
751,Ad,Mcall,amcallku@amazon.co.jp,Yukon,2013
752,Cory,Sangwine,csangwinekv@twitpic.com,Space,1984
753,Miranda,Cutress,mcutresskw@oracle.com,Envoy XUV,2005
754,Giordano,Gladstone,ggladstonekx@t.co,Boxster,2010
755,Ramonda,Schurcke,rschurckeky@ftc.gov,GT-R,2009
756,Juliette,Cockson,jcocksonkz@livejournal.com,X5,2002
757,Omar,Simonetti,osimonettil0@angelfire.com,Civic,2001
758,Gus,Verner,gvernerl1@lycos.com,Land Cruiser,1995
759,Kipp,Brehaut,kbrehautl2@accuweather.com,Range Rover,1990
760,Dexter,Nurcombe,dnurcombel3@feedburner.com,Fiero,1987
761,Penn,Perrottet,pperrottetl4@reuters.com,MKS,2012
762,Hunter,Cadany,hcadanyl5@cyberchimps.com,Cavalier,2003
763,Carmencita,Giacomuzzi,cgiacomuzzil6@liveinternet.ru,Jetta,1992
764,Derwin,Bride,dbridel7@java.com,Boxster,2009
765,Xever,Tourry,xtourryl8@list-manage.com,Esperante,2006
766,Hortense,Perillio,hperilliol9@wikipedia.org,Aspire,1996
767,Clarabelle,Regelous,cregelousla@msu.edu,Civic,1995
768,Cyb,Lucian,clucianlb@shop-pro.jp,D350,1993
769,Tine,McMillam,tmcmillamlc@discuz.net,Arnage,2006
770,Merola,Pottery,mpotteryld@virginia.edu,Alcyone SVX,1993
771,Josselyn,Duiged,jduigedle@patch.com,A4,2008
772,Emerson,Vakhlov,evakhlovlf@engadget.com,Paseo,1993
773,Rab,Luce,rlucelg@seattletimes.com,Yukon,2002
774,Agata,Taylot,ataylotlh@nationalgeographic.com,Tempo,1991
775,Norrie,Brimacombe,nbrimacombeli@51.la,Elantra,2012
776,Sidney,Maymond,smaymondlj@amazon.co.uk,Escalade,2003
777,Claudina,Collaton,ccollatonlk@google.fr,Suburban 2500,1998
778,Tracey,Simko,tsimkoll@elegantthemes.com,XJ Series,2005
779,Tamar,Docherty,tdochertylm@slideshare.net,Elantra,2003
780,Carolyn,Cowdray,ccowdrayln@com.com,Mystique,1999
781,Hasty,De Vere,hdeverelo@posterous.com,Sedona,2011
782,Andree,Pelcheur,apelcheurlp@dedecms.com,Voyager,1993
783,Marianna,Pointin,mpointinlq@soundcloud.com,Explorer Sport,2000
784,Myrtice,Vasiljevic,mvasiljeviclr@godaddy.com,Z4,2006
785,Dyane,Sinnatt,dsinnattls@cbslocal.com,Fleetwood,1996
786,Paolo,Di Iorio,pdiioriolt@ovh.net,Ram Wagon B150,1992
787,Kinsley,Guerrier,kguerrierlu@wikispaces.com,Express 2500,2005
788,Henka,Ticic,hticiclv@smh.com.au,Mustang,1999
789,Tabbatha,Artindale,tartindalelw@google.ru,Econoline E350,1995
790,Rhetta,Watton,rwattonlx@scribd.com,Elantra,2004
791,Dugald,Poschel,dposchelly@squidoo.com,C-Class,2008
792,Rod,Springle,rspringlelz@usda.gov,Caravan,2005
793,Sonja,Sutcliffe,ssutcliffem0@gov.uk,Rainier,2007
794,Ives,Fullicks,ifullicksm1@cbslocal.com,Arnage,2005
795,Daphne,Messom,dmessomm2@mapy.cz,Civic,1996
796,Libbie,Corain,lcorainm3@barnesandnoble.com,GS,2006
797,Cassondra,Neilan,cneilanm4@wsj.com,Sienna,2011
798,Nonna,Janik,njanikm5@eepurl.com,Montero Sport,2002
799,Hillard,Rowaszkiewicz,hrowaszkiewiczm6@51.la,Park Avenue,2004
800,Briggs,Senn,bsennm7@arizona.edu,LeSabre,2003
801,Jorrie,Tarquinio,jtarquiniom8@exblog.jp,Sierra 1500,2007
802,Rebbecca,Corradini,rcorradinim9@ucla.edu,Accord,1997
803,Craggie,Gerauld,cgerauldma@unicef.org,Legacy,2008
804,Clay,Rupprecht,crupprechtmb@reference.com,Cougar,1967
805,Davin,Ianinotti,dianinottimc@ucla.edu,E-Series,1994
806,Staffard,Reddyhoff,sreddyhoffmd@opensource.org,Santa Fe,2006
807,Mariya,Marsters,mmarstersme@drupal.org,Celica,1997
808,Nye,Hinckley,nhinckleymf@nymag.com,MKX,2007
809,Mycah,Canape,mcanapemg@wix.com,Type 2,1989
810,Ally,Chanders,achandersmh@arstechnica.com,Tacoma Xtra,2002
811,Belicia,Eley,beleymi@livejournal.com,TrailBlazer,2008
812,Rhodie,Penson,rpensonmj@telegraph.co.uk,LX,2002
813,Diane,Rubinfajn,drubinfajnmk@imgur.com,Sky,2009
814,Mufi,Dutton,mduttonml@bbc.co.uk,LTD Crown Victoria,1993
815,Dale,Whitmarsh,dwhitmarshmm@networksolutions.com,Precis,1992
816,Rycca,Bartlomieczak,rbartlomieczakmn@networksolutions.com,Celica,1996
817,Timoteo,Feldhorn,tfeldhornmo@apple.com,M Roadster,2006
818,Minnaminnie,Hawkyens,mhawkyensmp@reddit.com,X-90,1998
819,Ruggiero,Springford,rspringfordmq@macromedia.com,G-Class,2008
820,Sayre,Chatainier,schatainiermr@alexa.com,SL-Class,1984
821,Aimil,Blastock,ablastockms@ed.gov,Challenger,1999
822,Kippar,Rameaux,krameauxmt@wp.com,Park Avenue,2005
823,Adrianne,De Coursey,adecourseymu@cloudflare.com,TSX,2010
824,Jarad,Cuseck,jcuseckmv@illinois.edu,Express 3500,2009
825,Kendall,Klainer,kklainermw@php.net,B-Series,1996
826,Hernando,Bentson,hbentsonmx@smugmug.com,tC,2006
827,Jared,Pilgram,jpilgrammy@domainmarket.com,LeSabre,2002
828,Nalani,Scrivenor,nscrivenormz@booking.com,Savana 2500,2009
829,Bar,Chessil,bchessiln0@google.cn,XC60,2011
830,Glynnis,Goodlake,ggoodlaken1@un.org,i-Series,2008
831,Goldi,Dymoke,gdymoken2@google.co.jp,LTD,1986
832,Ola,Dole,odolen3@wsj.com,Aerostar,1994
833,Brianne,Ors,borsn4@hatena.ne.jp,X6,2009
834,Chadwick,Campe,ccampen5@apple.com,Mazda3,2011
835,Carlen,Rippon,cripponn6@jiathis.com,Legend,1993
836,Meridith,Cordet,mcordetn7@yahoo.com,H3,2009
837,Desmund,Twaits,dtwaitsn8@howstuffworks.com,Grand Prix,1991
838,Margalit,Kynson,mkynsonn9@weebly.com,Cooper,2012
839,Lee,Leppard,lleppardna@timesonline.co.uk,Century,1992
840,Brigida,Cleve,bclevenb@wisc.edu,Durango,2005
841,Anson,Ruslen,aruslennc@nasa.gov,Ram 1500,2008
842,Lamont,Vivyan,lvivyannd@chron.com,Regal,2000
843,Karena,Gresswood,kgresswoodne@mysql.com,Daewoo Lacetti,2008
844,Corey,Emberson,cembersonnf@digg.com,Sixty Special,1993
845,Bethany,MacLice,bmacliceng@netscape.com,Sedona,2002
846,Desiree,Draysay,ddraysaynh@vk.com,500SEL,1993
847,Natty,Stearnes,nstearnesni@google.it,LR2,2010
848,Melvyn,Holah,mholahnj@yellowbook.com,LS,1999
849,Clotilda,Robinson,crobinsonnk@1und1.de,Starion,1986
850,Randie,Chasle,rchaslenl@posterous.com,Escalade EXT,2011
851,Adrianna,Bazoge,abazogenm@businesswire.com,Sebring,2010
852,Corrine,Cornwell,ccornwellnn@yellowpages.com,Sedona,2009
853,Durward,Abdy,dabdyno@furl.net,Tucson,2006
854,Jens,Ramstead,jramsteadnp@japanpost.jp,B-Series Plus,2000
855,Netty,Kings,nkingsnq@bravesites.com,R32,2009
856,Ysabel,Sulter,ysulternr@mtv.com,Q7,2011
857,Towny,Hanhardt,thanhardtns@barnesandnoble.com,Town Car,1984
858,Morgun,de Almeida,mdealmeidant@vkontakte.ru,Armada,2010
859,Hoyt,Pennetta,hpennettanu@noaa.gov,Q5,2010
860,Allistir,Carrack,acarracknv@meetup.com,Camaro,1970
861,Thadeus,Haskell,thaskellnw@wisc.edu,Terrain,2011
862,Mikaela,Asaaf,masaafnx@t.co,IS F,2011
863,Tobin,Pickerell,tpickerellny@youtube.com,Legend,1990
864,Ware,Cuerdall,wcuerdallnz@wikia.com,Exige,2008
865,Marcos,Erie,merieo0@omniture.com,Firebird,1967
866,Byram,Rao,braoo1@sina.com.cn,Continental,1993
867,Idette,Yanyushkin,iyanyushkino2@skype.com,Wrangler,2007
868,Mireielle,Conibere,mconibereo3@moonfruit.com,Lucerne,2008
869,Merrill,Muckloe,mmuckloeo4@webmd.com,Bronco II,1987
870,Hamnet,Dobbinson,hdobbinsono5@answers.com,Explorer Sport Trac,2009
871,Alexis,Marishenko,amarishenkoo6@irs.gov,Tacoma,1999
872,Gal,Abramovitz,gabramovitzo7@google.ru,Aurora,1995
873,Enrique,Bebbell,ebebbello8@xing.com,TL,2012
874,Christie,Grimsley,cgrimsleyo9@hao123.com,Q,1999
875,Rod,Goult,rgoultoa@moonfruit.com,Galant,2006
876,Orelie,Altofts,oaltoftsob@xinhuanet.com,Element,2006
877,Melba,Berthon,mberthonoc@bravesites.com,Z3,2000
878,Mirilla,Legh,mleghod@mapy.cz,RX-8,2007
879,Lodovico,Mergue,lmergueoe@google.nl,3500,1992
880,Miller,Pantone,mpantoneof@ucsd.edu,Talon,1995
881,Ilaire,Wimbush,iwimbushog@wordpress.org,9-5,2007
882,Maude,Philliphs,mphilliphsoh@php.net,Legacy,2008
883,Chaddie,Hinckes,chinckesoi@blogger.com,V50,2009
884,Ambrosius,Yanne,ayanneoj@nature.com,Charade,1992
885,Ettie,Phateplace,ephateplaceok@wordpress.com,Corvette,1969
886,Quint,Mattiessen,qmattiessenol@google.com.br,Protege5,2003
887,Anastassia,Chaudhry,achaudhryom@sciencedirect.com,Lancer,2012
888,Shay,Le-Good,slegoodon@soundcloud.com,9-7X,2005
889,Rurik,Melior,rmelioroo@pen.io,9-5,2006
890,Rosy,Reid,rreidop@sina.com.cn,Concorde,1997
891,Benedick,Calladine,bcalladineoq@washingtonpost.com,Cabriolet,1989
892,Rozelle,Culp,rculpor@github.com,Yukon XL 2500,2007
893,Cassy,Isaak,cisaakos@geocities.jp,57,2003
894,Pammi,Grigorio,pgrigorioot@mysql.com,Dakota Club,1997
895,Jose,Beminster,jbeminsterou@businesswire.com,Express,2007
896,Faith,Fowell,ffowellov@cargocollective.com,Firefly,1987
897,Hester,Gavigan,hgaviganow@businesswire.com,Prizm,1999
898,Jerrine,Pilmoor,jpilmoorox@jimdo.com,CC,2013
899,Kally,O'Henecan,kohenecanoy@xrea.com,Ram Van 3500,1995
900,Stanislas,Talbot,stalbotoz@examiner.com,Talon,1990
901,Merla,Cufflin,mcufflinp0@twitpic.com,Touareg,2010
902,Archy,Baress,abaressp1@altervista.org,Express 3500,2001
903,Loydie,Weakley,lweakleyp2@princeton.edu,Tahoe,2001
904,Cairistiona,Housen,chousenp3@wordpress.com,M6,2006
905,Kristy,Strelitzer,kstrelitzerp4@ustream.tv,Yukon XL 2500,2002
906,Kristyn,Wallis,kwallisp5@shareasale.com,Prizm,1994
907,Boyce,Wayvill,bwayvillp6@bigcartel.com,C70,2013
908,Hadlee,Iannello,hiannellop7@nyu.edu,M3,2004
909,Pacorro,Ecob,pecobp8@123-reg.co.uk,Explorer Sport Trac,2004
910,Waldon,Gogie,wgogiep9@sciencedirect.com,Tacoma,2002
911,Pollyanna,Bail,pbailpa@nytimes.com,L-Series,2004
912,Cybil,Lucey,cluceypb@earthlink.net,2500,1999
913,Hollyanne,Jakubski,hjakubskipc@theglobeandmail.com,Rabbit,2006
914,Eloise,Mixture,emixturepd@about.me,4Runner,1995
915,Spencer,Burnand,sburnandpe@imdb.com,Suburban 1500,1993
916,Rayna,Brocks,rbrockspf@paypal.com,Sierra 1500,2010
917,Hale,Aldersey,halderseypg@google.fr,LHS,1997
918,Wendel,Fenwick,wfenwickph@va.gov,MPV,2004
919,Hanny,Curryer,hcurryerpi@so-net.ne.jp,Quattroporte,1984
920,Boot,Thunnercliff,bthunnercliffpj@rambler.ru,LHS,1995
921,Salem,April,saprilpk@blogspot.com,Hombre,1999
922,Burlie,Drissell,bdrissellpl@upenn.edu,928,1994
923,Sutton,Wellman,swellmanpm@hud.gov,Breeze,1996
924,Harvey,Veevers,hveeverspn@constantcontact.com,Impala,2005
925,Ingrid,O'Hickey,iohickeypo@unblog.fr,GX,2004
926,Arel,Dykes,adykespp@chicagotribune.com,Grand Am,1995
927,Ivette,McGuffie,imcguffiepq@godaddy.com,Mustang,2013
928,Catarina,Tolliday,ctollidaypr@timesonline.co.uk,C-Class,2010
929,Vanessa,Skeleton,vskeletonps@addtoany.com,B-Series,2002
930,Rhys,Hegg,rheggpt@cbc.ca,Rio,2010
931,Dunc,Tournay,dtournaypu@devhub.com,Xterra,2004
932,Cindra,Macey,cmaceypv@prweb.com,Caravan,1999
933,Gabe,Corinton,gcorintonpw@army.mil,RL,2009
934,Amalita,Maulkin,amaulkinpx@goodreads.com,240SX,1998
935,Sharla,Fishwick,sfishwickpy@time.com,W201,1988
936,Willy,Mulroy,wmulroypz@columbia.edu,Grand Voyager,1996
937,Kimberlyn,Anetts,kanettsq0@home.pl,Camry,1999
938,Gusti,Ivanyukov,givanyukovq1@techcrunch.com,Galant,2008
939,Harlie,Brockie,hbrockieq2@newyorker.com,Bonneville,1987
940,Nonie,Dowdell,ndowdellq3@alexa.com,E-Series,2011
941,Starla,Fountian,sfountianq4@yahoo.com,XC70,2003
942,Karine,Skellington,kskellingtonq5@g.co,G-Class,2005
943,Fonzie,Brownlea,fbrownleaq6@rambler.ru,Cayenne,2013
944,Nichol,Vedyasov,nvedyasovq7@netlog.com,Civic,1985
945,Adriano,Loughrey,aloughreyq8@pbs.org,RS 4,2008
946,Towny,Strewthers,tstrewthersq9@nature.com,Ranger,1990
947,Anita,Jacop,ajacopqa@lulu.com,Seville,1994
948,Lodovico,Cushe,lcusheqb@wordpress.com,C8 Spyder Wide Body,2004
949,Stanfield,Jiran,sjiranqc@mapquest.com,Taurus,1986
950,Ivor,Housecraft,ihousecraftqd@unc.edu,ES,1994
951,Royal,McLaughlin,rmclaughlinqe@live.com,Element,2004
952,Cullen,Vidloc,cvidlocqf@imgur.com,Town & Country,1993
953,Yorker,Shipperbottom,yshipperbottomqg@earthlink.net,Elantra,1997
954,Cal,Skeats,cskeatsqh@yellowpages.com,J,1997
955,Perri,Moulding,pmouldingqi@xinhuanet.com,Nitro,2010
956,Ardelia,Woodwin,awoodwinqj@dailymotion.com,G35,2007
957,Kally,Gowler,kgowlerqk@amazon.de,Freestyle,2006
958,Georas,Kleisle,gkleisleql@clickbank.net,Rogue,2008
959,Susanetta,Horning,shorningqm@cam.ac.uk,QX,2003
960,Obadias,Ongin,oonginqn@ed.gov,Swift,1987
961,Viki,Simison,vsimisonqo@stumbleupon.com,C-Class,2005
962,Sheilakathryn,Prinn,sprinnqp@bloglines.com,Cutlass Supreme,1994
963,Wynnie,Wenger,wwengerqq@naver.com,XLR,2008
964,Benyamin,Brisard,bbrisardqr@sina.com.cn,530,2003
965,Eula,Newburn,enewburnqs@fastcompany.com,S60,2009
966,Nerissa,Ianittello,nianittelloqt@berkeley.edu,Riviera,1987
967,Zelma,Statham,zstathamqu@newyorker.com,Prizm,1997
968,Roderick,Bissiker,rbissikerqv@zdnet.com,Golf,1995
969,Jdavie,D'Antonio,jdantonioqw@webeden.co.uk,RX-7,1985
970,Adolpho,Duckering,aduckeringqx@dedecms.com,Supra,1995
971,Annecorinne,Semiras,asemirasqy@columbia.edu,Focus,2008
972,Skyler,Seid,sseidqz@google.nl,Neon,2001
973,Zonnya,Graves,zgravesr0@stumbleupon.com,ES,2009
974,Aloin,Alberti,aalbertir1@ebay.co.uk,7 Series,2006
975,Wilmer,Barth,wbarthr2@bloomberg.com,Bravada,2001
976,Hube,Patient,hpatientr3@uol.com.br,Baja,2005
977,Leontine,Fleg,lflegr4@businesswire.com,MDX,2001
978,Erinn,Loughran,eloughranr5@unicef.org,929,1990
979,Tomkin,Lamdin,tlamdinr6@archive.org,MPV,1998
980,Victoir,McCloughlin,vmccloughlinr7@discovery.com,Excursion,2001
981,Concettina,Lafay,clafayr8@bigcartel.com,DB9,2012
982,Laurette,Ingolotti,lingolottir9@statcounter.com,Capri,1991
983,Steffie,Di Maria,sdimariara@dailymotion.com,SC,2004
984,Timofei,Biskupiak,tbiskupiakrb@ucla.edu,Festiva,1991
985,Elvina,Bennett,ebennettrc@archive.org,F450,2010
986,Correy,MacKnockiter,cmacknockiterrd@goo.ne.jp,Charger,2009
987,Thea,Drei,tdreire@mozilla.org,Outback,2006
988,Sena,Huonic,shuonicrf@reverbnation.com,Phantom,2007
989,Reyna,Sallinger,rsallingerrg@youtu.be,LTD Crown Victoria,1984
990,Barty,Durber,bdurberrh@ow.ly,3500,1994
991,Terese,Scarce,tscarceri@sina.com.cn,Exige,2006
992,Cazzie,Boniface,cbonifacerj@hostgator.com,Impreza,2007
993,Prudi,Menlove,pmenloverk@nature.com,Century,1988
994,Camile,Fitchen,cfitchenrl@psu.edu,Sportage,2006
995,Bethina,Klezmski,bklezmskirm@businessinsider.com,Riviera,1985
996,Goldia,Vitall,gvitallrn@barnesandnoble.com,Galaxie,1966
997,Trenna,Thandi,tthandiro@opensource.org,Land Cruiser,1997
998,Dwain,Stockey,dstockeyrp@uol.com.br,V50,2011
999,Miran,Jefferd,mjefferdrq@indiegogo.com,Cayman,2009
1000,Valentine,Iwaszkiewicz,viwaszkiewiczrr@51.la,GTO,1969
