id,first_name,last_name,email,gender,ip_address
1,Pail,Bellson,pbellson0@nasa.gov,Grand Caravan,1999
2,Jordon,Stiggers,jstiggers1@illinois.edu,E-Series,1993
3,Eberhard,Andrejs,eandrejs2@studiopress.com,2500,1999
4,Luciano,Croall,lcroall3@washington.edu,X5,2012
5,Noble,Tommen,ntommen4@bbb.org,Sprinter,2009
6,Neely,Bax,nbax5@godaddy.com,Grand Prix,1990
7,Serena,Bettles,sbettles6@nba.com,S10,2001
8,Kizzie,McMearty,kmcmearty7@unicef.org,Montero,2005
9,Shanta,Mullarkey,smullarkey8@paginegialle.it,Starion,1989
10,Stefa,Birdall,sbirdall9@reference.com,Town Car,2008
11,Carey,Furphy,cfurphya@kickstarter.com,GTI,1992
12,Clea,Trebilcock,ctrebilcockb@paginegialle.it,H3,2006
13,Angel,Burburough,aburburoughc@uol.com.br,Crown Victoria,2002
14,Enoch,Perin,eperind@hud.gov,9-5,2011
15,Fancy,Seamer,fseamere@xrea.com,Coachbuilder,1994
16,Tina,Joe,tjoef@smh.com.au,X6,2012
17,Loree,Dadds,ldaddsg@prweb.com,Sonata,2002
18,Barri,Geldeford,bgeldefordh@sina.com.cn,Ram 2500,1998
19,Shannen,Ianelli,sianellii@clickbank.net,Prius,2001
20,Sandra,Lardeur,slardeurj@hostgator.com,Mustang,1984
21,Hasty,Reaveley,hreaveleyk@networkadvertising.org,Acadia,2009
22,Vick,Digwood,vdigwoodl@drupal.org,Colt,1992
23,Elsie,Spiers,espiersm@hao123.com,Prius Plug-in Hybrid,2012
24,Elene,MacCostye,emaccostyen@alexa.com,LR2,2010
25,Phaidra,Jiggen,pjiggeno@google.co.jp,S2000,2004
26,Lorens,Muckart,lmuckartp@liveinternet.ru,Metro,2000
27,Fiann,Casacchia,fcasacchiaq@g.co,DeVille,1995
28,Thoma,Torbett,ttorbettr@cloudflare.com,SX4,2010
29,Corena,Soames,csoamess@paginegialle.it,Park Avenue,1996
30,Hewitt,Antonucci,hantonuccit@reverbnation.com,X-Type,2005
31,Cornelius,Gabites,cgabitesu@ow.ly,Brooklands,2010
32,Kaleb,Summersby,ksummersbyv@bbc.co.uk,F350,2003
33,Carlie,Cettell,ccettellw@dell.com,500E,1992
34,Thornie,Allatt,tallattx@craigslist.org,xB,2008
35,Fremont,Robic,frobicy@auda.org.au,911,2013
36,Nona,Nutman,nnutmanz@flickr.com,Crown Victoria,1993
37,North,Scarbarrow,nscarbarrow10@scientificamerican.com,M3,2012
38,Maynord,Toffolo,mtoffolo11@odnoklassniki.ru,Continental,1999
39,Gregoire,Rigmond,grigmond12@amazon.de,CL-Class,2005
40,Trude,Hakey,thakey13@senate.gov,Sprinter,2009
41,Enrica,Mityashev,emityashev14@tamu.edu,Firefly,1986
42,Clary,Mougenel,cmougenel15@ihg.com,Spyder,2002
43,Adara,Peffer,apeffer16@hao123.com,TL,2008
44,Junette,O' Ronan,joronan17@wordpress.com,Escalade ESV,2007
45,Row,Champion,rchampion18@marriott.com,Dakota,2000
46,Moyra,Pontefract,mpontefract19@yellowbook.com,XL7,2007
47,Gilbertine,Gallard,ggallard1a@businesswire.com,Versa,2011
48,Roxine,Middup,rmiddup1b@t-online.de,Tribute,2004
49,Yetta,Ferro,yferro1c@pen.io,Prowler,2000
50,Verina,McGonigle,vmcgonigle1d@soup.io,Protege,2003
51,Monique,Kettleson,mkettleson1e@fda.gov,Reatta,1990
52,Sky,Paulin,spaulin1f@blogtalkradio.com,G-Series G30,1992
53,Annabel,Cumbes,acumbes1g@techcrunch.com,Trans Sport,1997
54,Sal,Kobera,skobera1h@about.com,Camaro,1975
55,Hermine,Bau,hbau1i@mozilla.com,Sunbird,1987
56,Tiler,Fryer,tfryer1j@pinterest.com,Boxster,2006
57,Burt,Warrier,bwarrier1k@weather.com,Coachbuilder,1992
58,Lori,McVrone,lmcvrone1l@google.es,SLS-Class,2011
59,Dena,Pietzker,dpietzker1m@vinaora.com,Miata MX-5,1994
60,Traver,McArthur,tmcarthur1n@tiny.cc,riolet,1993
61,Chaim,Wix,cwix1o@unc.edu,Maxima,1999
62,Lutero,Garman,lgarman1p@miitbeian.gov.cn,Cougar,1995
63,Nessa,Toohey,ntoohey1q@dot.gov,Continental,1997
64,Avrit,Keirle,akeirle1r@npr.org,Metro,1999
65,Lennard,Semon,lsemon1s@yale.edu,MX-3,1993
66,Lura,Bacher,lbacher1t@cbslocal.com,Civic,2006
67,Glad,Raffin,graffin1u@arstechnica.com,Ascender,2007
68,Bertrando,Teliga,bteliga1v@cloudflare.com,750,2006
69,Ahmad,Dominec,adominec1w@epa.gov,Impala SS,1994
70,Gunther,Kneafsey,gkneafsey1x@imageshack.us,Taurus,2006
71,Lynn,Seak,lseak1y@netvibes.com,Town & Country,2008
72,Aubry,Farlane,afarlane1z@1688.com,Blazer,1999
73,Armando,Gehrtz,agehrtz20@ning.com,Corolla,2001
74,Shelden,Jentet,sjentet21@youtube.com,Mountaineer,2001
75,Duffy,Tottie,dtottie22@virginia.edu,Impala,2002
76,Billye,Crocetti,bcrocetti23@360.cn,TT,2001
77,Wendell,Chamberlin,wchamberlin24@homestead.com,Aerostar,1994
78,Farand,Chuck,fchuck25@springer.com,S-Series,1996
79,Marin,Fieldgate,mfieldgate26@free.fr,430,1991
80,Saunder,Quimby,squimby27@senate.gov,A6,1995
81,Filippo,Counihan,fcounihan28@posterous.com,RAV4,2000
82,Cindra,Waple,cwaple29@cbsnews.com,Parisienne,1986
83,Austine,Gidden,agidden2a@typepad.com,Caravan,2009
84,Jillene,Basham,jbasham2b@netlog.com,RX,2001
85,Tana,Rolley,trolley2c@drupal.org,LS,1999
86,Lorilyn,Caghy,lcaghy2d@bloglovin.com,XL-7,2004
87,Erma,Faust,efaust2e@soup.io,1000,1984
88,Edithe,Lindstrom,elindstrom2f@wufoo.com,XK Series,2003
89,Ros,Danielli,rdanielli2g@php.net,Sephia,1999
90,Kellsie,McLaughlin,kmclaughlin2h@hud.gov,944,1989
91,Devonne,Thorn,dthorn2i@1und1.de,Town Car,1997
92,Jania,Neath,jneath2j@paypal.com,3 Series,1993
93,Lura,Caswall,lcaswall2k@technorati.com,T100,1997
94,Kort,Lowey,klowey2l@dmoz.org,XLR,2008
95,Shoshanna,Kenryd,skenryd2m@e-recht24.de,Escalade EXT,2006
96,Donaugh,Manzell,dmanzell2n@homestead.com,G6,2008
97,Grete,Eveleigh,geveleigh2o@theguardian.com,Tiburon,2007
98,Kingsley,Mithun,kmithun2p@cafepress.com,Z4,2010
99,Palm,Ollive,pollive2q@foxnews.com,Summit,1994
100,Rollin,Recke,rrecke2r@yahoo.com,Ram Van 2500,2002
101,Milt,Fenck,mfenck2s@sbwire.com,Rally Wagon 2500,1993
102,Ario,Tiptaft,atiptaft2t@furl.net,Camry Hybrid,2010
103,Tracy,MacNockater,tmacnockater2u@ucoz.com,Truck,1995
104,Hyacinth,Moors,hmoors2v@vinaora.com,Camry Solara,2007
105,Tabbitha,Stockney,tstockney2w@usnews.com,DeVille,1997
106,Ira,Pargetter,ipargetter2x@intel.com,VUE,2010
107,Addy,Milstead,amilstead2y@last.fm,Lanos,2001
108,Hart,Meyer,hmeyer2z@eventbrite.com,Accent,2004
109,Nat,St Clair,nstclair30@infoseek.co.jp,9000,1993
110,Yard,Morat,ymorat31@php.net,Grand Prix,1966
111,Waldon,Avramow,wavramow32@microsoft.com,Safari,2000
112,Cher,Gammill,cgammill33@mapquest.com,Lancer,2004
113,Winnifred,Billin,wbillin34@hibu.com,Aerostar,1991
114,Marcelline,Troni,mtroni35@woothemes.com,LS,2007
115,Jamie,Archdeckne,jarchdeckne36@usa.gov,Aspen,1976
116,Nalani,Langcastle,nlangcastle37@mayoclinic.com,i-MiEV,2012
117,Courtney,Rojel,crojel38@bbc.co.uk,STS,2005
118,Katina,McGoogan,kmcgoogan39@wix.com,350Z,2004
119,Ashton,Irnys,airnys3a@homestead.com,Montero,2006
120,Sim,Fucher,sfucher3b@simplemachines.org,626,1988
121,Pierrette,Banger,pbanger3c@unesco.org,Tercel,1995
122,Lambert,Gras,lgras3d@blog.com,5 Series,2000
123,Derick,Stopper,dstopper3e@ted.com,Endeavor,2006
124,Julianne,Sidden,jsidden3f@yahoo.com,NSX,2003
125,Timothee,Rantoull,trantoull3g@ed.gov,Firebird,1994
126,Kelwin,Pigne,kpigne3h@elpais.com,Toronado,1966
127,Selinda,Pedrol,spedrol3i@altervista.org,Lanos,1999
128,Grover,Riddel,griddel3j@independent.co.uk,Ram 3500,1995
129,Elton,Odby,eodby3k@sciencedirect.com,MX-6,1997
130,Cami,Francecione,cfrancecione3l@sourceforge.net,LR3,2007
131,Sisely,Lilburn,slilburn3m@newsvine.com,G-Series G20,1993
132,Nissy,Boanas,nboanas3n@irs.gov,LHS,1994
133,Khalil,Caccavari,kcaccavari3o@wufoo.com,Celica,1982
134,Cesaro,Phillips,cphillips3p@technorati.com,QX56,2007
135,Marcelia,Plevin,mplevin3q@state.gov,Thunderbird,1992
136,Clarissa,Kendall,ckendall3r@scientificamerican.com,C70,2013
137,Iorgo,Overshott,iovershott3s@sakura.ne.jp,911,2002
138,Ky,Shimon,kshimon3t@apache.org,ES,1989
139,Suzanne,Vice,svice3u@oakley.com,Corvette,1978
140,Dannye,Beumant,dbeumant3v@globo.com,Jetta,1991
141,Esmaria,Breche,ebreche3w@topsy.com,Golf,1999
142,Zandra,Carnegy,zcarnegy3x@un.org,Aurora,1997
143,Sunshine,Craigmyle,scraigmyle3y@squarespace.com,LS,2006
144,Orion,Hymers,ohymers3z@pen.io,Ranger,2004
145,Jackelyn,Mokes,jmokes40@harvard.edu,Grand Caravan,2006
146,Isac,Perillo,iperillo41@google.ru,Outlook,2010
147,Filbert,O'Lunney,folunney42@answers.com,MX-6,1996
148,Felita,Sammon,fsammon43@simplemachines.org,Touareg,2008
149,Ede,Wycliffe,ewycliffe44@cnn.com,4000,1987
150,Shell,Wetherald,swetherald45@nps.gov,Sentra,2010
151,Cleopatra,Wilsdon,cwilsdon46@answers.com,Supra,1995
152,Tanya,Abrahim,tabrahim47@europa.eu,Econoline E350,1998
153,Antonie,Riseley,ariseley48@joomla.org,CLS-Class,2006
154,Quentin,Mattei,qmattei49@oracle.com,SVX,1996
155,Gwenora,Oldman,goldman4a@amazon.co.uk,Highlander,2008
156,Gray,Gudgin,ggudgin4b@ftc.gov,Durango,2004
157,Bent,Pordall,bpordall4c@devhub.com,1 Series,2010
158,Galven,Jann,gjann4d@hubpages.com,D350,1993
159,Brooks,Pendall,bpendall4e@meetup.com,Mazda3,2004
160,Bradford,Dobkin,bdobkin4f@eventbrite.com,TL,2001
161,Denny,Prowse,dprowse4g@comcast.net,Phantom,2008
162,Toma,Gilfoy,tgilfoy4h@e-recht24.de,Paseo,1993
163,Dela,Cosgry,dcosgry4i@rambler.ru,Villager,2000
164,Janette,Sylvaine,jsylvaine4j@hp.com,Sidekick,1996
165,Chicky,Brightman,cbrightman4k@gmpg.org,Spyder,2002
166,Kelsey,Deeks,kdeeks4l@msu.edu,Acclaim,1995
167,Alwyn,Hinrich,ahinrich4m@cnbc.com,TSX,2011
168,Maggie,Borlease,mborlease4n@timesonline.co.uk,LS,2003
169,Dolly,Dressel,ddressel4o@tmall.com,QX56,2010
170,Dredi,Chowne,dchowne4p@psu.edu,R8,2010
171,Clayton,Jaggard,cjaggard4q@php.net,NSX,2004
172,Lori,Woffenden,lwoffenden4r@forbes.com,Express 1500,2010
173,Raffarty,Vasyuchov,rvasyuchov4s@salon.com,F150,2011
174,Reynold,Paramor,rparamor4t@t.co,Typ-1,2008
175,Lurline,Breydin,lbreydin4u@woothemes.com,SC,2000
176,Tarra,Iaduccelli,tiaduccelli4v@deliciousdays.com,Stylus,1993
177,Berenice,McMurtyr,bmcmurtyr4w@msu.edu,Outback,2002
178,Mora,Peterken,mpeterken4x@ibm.com,Grand Am,1996
179,Melony,Dresche,mdresche4y@nbcnews.com,LS,2008
180,Raymond,Havelin,rhavelin4z@state.tx.us,3 Series,2000
181,Constancia,Vanner,cvanner50@theglobeandmail.com,DTS,2009
182,Betta,Mulroy,bmulroy51@aol.com,Pajero,2003
183,Vonny,Peschka,vpeschka52@squidoo.com,Continental,1998
184,Zorah,Staves,zstaves53@ibm.com,Mountaineer,2009
185,Brod,Kuhlmey,bkuhlmey54@spotify.com,Prius,2008
186,Smith,Behning,sbehning55@nasa.gov,F150,2007
187,Christi,Nials,cnials56@icio.us,Swift,1990
188,Giavani,Southcoat,gsouthcoat57@paypal.com,Elise,2009
189,Kristoffer,Goodge,kgoodge58@phpbb.com,New Beetle,2002
190,Aubert,Jagiello,ajagiello59@reuters.com,Rogue,2012
191,Base,Hemshall,bhemshall5a@flickr.com,Cougar,1985
192,Jordan,Bellhanger,jbellhanger5b@dyndns.org,Yukon XL 1500,2004
193,Ailene,Lighton,alighton5c@hp.com,TSX,2011
194,Joli,Readhead,jreadhead5d@msu.edu,Range Rover,1993
195,Adrianne,Blesli,ablesli5e@oracle.com,Focus,2009
196,Amble,Poland,apoland5f@abc.net.au,Malibu,1998
197,Casey,Romayne,cromayne5g@epa.gov,Sierra 2500,2011
198,Theda,Stanesby,tstanesby5h@weebly.com,Ram 1500 Club,2000
199,Dore,Insull,dinsull5i@netscape.com,Century,2004
200,Arliene,Rochewell,arochewell5j@thetimes.co.uk,Mirage,1994
201,Fredia,Thewlis,fthewlis5k@columbia.edu,M3,2004
202,Andy,Brandoni,abrandoni5l@slashdot.org,Savana 1500,2002
203,Sloane,Hearnden,shearnden5m@qq.com,Tiburon,2003
204,Hansiain,Cocozza,hcocozza5n@illinois.edu,H1,2003
205,Colline,Gwinnett,cgwinnett5o@alexa.com,Celica,1983
206,Micki,Morfell,mmorfell5p@wix.com,Regency,1997
207,Sileas,Dodsley,sdodsley5q@guardian.co.uk,Dynasty,1993
208,Tiebold,Britnell,tbritnell5r@histats.com,Santa Fe,2001
209,Jude,Frisby,jfrisby5s@seesaa.net,Eclipse,2000
210,Massimiliano,Dewberry,mdewberry5t@tmall.com,Omni,1978
211,Adina,Crommett,acrommett5u@technorati.com,Cabriolet,1989
212,Damien,Bonafant,dbonafant5v@answers.com,9-3,1999
213,Herold,Gaythor,hgaythor5w@mozilla.com,Expedition,2010
214,Dex,Tissington,dtissington5x@printfriendly.com,V50,2010
215,Roberta,Ledwich,rledwich5y@ustream.tv,Villager,1994
216,Bob,Mattevi,bmattevi5z@miitbeian.gov.cn,B-Series,2000
217,Devi,Freschini,dfreschini60@pen.io,Bravada,1994
218,Glynda,Fairnington,gfairnington61@bizjournals.com,525,2006
219,Aleta,Silverwood,asilverwood62@cbslocal.com,Fiesta,2012
220,Hilario,Dakhov,hdakhov63@about.com,Sequoia,2010
221,Alysia,Tomaszczyk,atomaszczyk64@bloglovin.com,Protege,1996
222,Ramon,Tomenson,rtomenson65@mysql.com,F430,2006
223,Stace,Sothcott,ssothcott66@yahoo.co.jp,Grand Cherokee,1998
224,Liane,Labbet,llabbet67@multiply.com,G-Series G10,1995
225,Della,Purple,dpurple68@123-reg.co.uk,928,1994
226,Rani,Learmouth,rlearmouth69@csmonitor.com,Astro,1993
227,Diane,Gladdin,dgladdin6a@123-reg.co.uk,G,2011
228,Skipton,Draisey,sdraisey6b@soup.io,E150,2011
229,Baird,Boone,bboone6c@paginegialle.it,600SEC,1993
230,Robinet,Bigland,rbigland6d@archive.org,D150,1993
231,Job,Bossons,jbossons6e@ca.gov,Corvette,2006
232,Regen,Matveichev,rmatveichev6f@illinois.edu,928,1987
233,Milly,Ronald,mronald6g@home.pl,7 Series,2006
234,Anastasie,Harriagn,aharriagn6h@irs.gov,S5,2009
235,Donnell,Spohr,dspohr6i@mayoclinic.com,ZDX,2010
236,Bernardo,Phoebe,bphoebe6j@disqus.com,Range Rover,1995
237,Lothaire,Skahill,lskahill6k@kickstarter.com,DBS,2008
238,Tedda,Allcock,tallcock6l@hibu.com,Avanti,1964
239,Ryley,Marousek,rmarousek6m@bbb.org,Bonneville,1964
240,Zacharias,Rutherfoord,zrutherfoord6n@sourceforge.net,Sierra 2500,2009
241,Midge,Luipold,mluipold6o@cdbaby.com,Express 1500,2003
242,Hamilton,Cracknall,hcracknall6p@marriott.com,Camry Hybrid,2007
243,Dorelle,Kimble,dkimble6q@amazon.co.jp,Liberty,2012
244,Leonore,Gosenell,lgosenell6r@list-manage.com,M,1992
245,Grantham,Gimbrett,ggimbrett6s@wunderground.com,88,1997
246,Riordan,Driver,rdriver6t@nature.com,I,2001
247,Barbara-anne,Shyres,bshyres6u@state.tx.us,Cabriolet,1995
248,Toby,Patnelli,tpatnelli6v@tripod.com,S6,2002
249,Justine,Aberdein,jaberdein6w@slate.com,Outlander Sport,2011
250,Nerta,Silburn,nsilburn6x@webs.com,Millenia,2002
251,Elfie,Chmarny,echmarny6y@1und1.de,Skylark,1986
252,Dore,Monni,dmonni6z@forbes.com,SRX,2007
253,Ross,Lounds,rlounds70@sciencedirect.com,APV,1992
254,Lew,Tarply,ltarply71@skyrock.com,del Sol,1997
255,Percival,Eakley,peakley72@washington.edu,C8,2007
256,Cheslie,McConway,cmcconway73@digg.com,Tracker,1995
257,Kaiser,Maymond,kmaymond74@ameblo.jp,G6,2010
258,Tait,Splevin,tsplevin75@wikia.com,2500 Club Coupe,1995
259,Annadiane,Crowson,acrowson76@comsenz.com,Ram 2500,1998
260,Maurie,Nalder,mnalder77@whitehouse.gov,Z3,1996
261,Marius,Danher,mdanher78@tamu.edu,Firebird,1995
262,Nowell,Priscott,npriscott79@tumblr.com,Venza,2010
263,Marylynne,Capps,mcapps7a@earthlink.net,V90,1997
264,Abrahan,Houlston,ahoulston7b@godaddy.com,RX-7,1993
265,Stoddard,Machel,smachel7c@aboutads.info,Sonic,2012
266,Fidel,Tippler,ftippler7d@arstechnica.com,Miata MX-5,2003
267,Gay,Cridge,gcridge7e@independent.co.uk,C-Class,2001
268,Eleonore,Feltoe,efeltoe7f@taobao.com,IS,2002
269,Park,Coucher,pcoucher7g@amazon.co.jp,Town & Country,2012
270,Elnora,Tribe,etribe7h@intel.com,DeVille,1994
271,Reidar,Kitchaside,rkitchaside7i@exblog.jp,SX4,2008
272,Ricki,Dickins,rdickins7j@sourceforge.net,Probe,1995
273,Henrik,Searby,hsearby7k@ehow.com,Caravan,2007
274,Stanislaw,Gayforth,sgayforth7l@miibeian.gov.cn,Sunbird,1985
275,Colet,Goublier,cgoublier7m@un.org,Firebird,1986
276,Benoite,Tisor,btisor7n@oracle.com,Frontier,2001
277,Gweneth,Ambrodi,gambrodi7o@theatlantic.com,9-5,2002
278,Hyacinthia,Savell,hsavell7p@nature.com,Cayenne,2003
279,Felicdad,Cowerd,fcowerd7q@spiegel.de,240,1993
280,Broddy,Stimpson,bstimpson7r@etsy.com,Swift,1990
281,Tish,Laroze,tlaroze7s@prweb.com,323,1994
282,Kirsten,Dimond,kdimond7t@guardian.co.uk,Coupe Quattro,1991
283,Barrett,Staneland,bstaneland7u@guardian.co.uk,3 Series,2011
284,Bastian,Forsbey,bforsbey7v@sbwire.com,Viper,2002
285,Bertina,Boxhall,bboxhall7w@exblog.jp,Expo,1992
286,Gaylord,Troppmann,gtroppmann7x@scribd.com,Escalade ESV,2004
287,Bail,Kayley,bkayley7y@hc360.com,X6,2012
288,Rennie,Werendell,rwerendell7z@cpanel.net,ES,1999
289,Carma,Padell,cpadell80@xing.com,5 Series,2010
290,Ashely,Sange,asange81@cpanel.net,Continental,1989
291,Mallory,Mattea,mmattea82@github.io,Integra,1999
292,Ottilie,Breazeall,obreazeall83@google.de,G37,2008
293,Claiborn,Christensen,cchristensen84@plala.or.jp,Odyssey,2011
294,Edgar,Hattam,ehattam85@usgs.gov,Amigo,1992
295,Arlena,Charpling,acharpling86@qq.com,Probe,1991
296,Imojean,Semarke,isemarke87@disqus.com,Sonoma,2002
297,Stace,Dixcee,sdixcee88@umn.edu,Mini Cooper,1961
298,Gabey,Morstatt,gmorstatt89@google.ca,Rendezvous,2004
299,Kristen,Quartermaine,kquartermaine8a@zimbio.com,Tribeca,2007
300,Warde,Parkinson,wparkinson8b@elpais.com,RAV4,2007
301,Berty,Wileman,bwileman8c@youtube.com,Celica,2000
302,Bruno,Melato,bmelato8d@businesswire.com,Grand Marquis,1994
303,Hadlee,Pavey,hpavey8e@cdc.gov,458 Italia,2011
304,Zackariah,Clitherow,zclitherow8f@desdev.cn,Maxima,1999
305,Jarrett,Greensmith,jgreensmith8g@vistaprint.com,X5 M,2012
306,Adelaide,Hendrick,ahendrick8h@blogs.com,Firefly,1994
307,Marshal,McCall,mmccall8i@instagram.com,A8,2010
308,Amandi,McAlester,amcalester8j@eventbrite.com,Accord,2001
309,Marten,Carley,mcarley8k@addthis.com,Gallardo,2012
310,Delainey,Braam,dbraam8l@psu.edu,SJ,1994
311,Sinclair,Waddington,swaddington8m@woothemes.com,Caliber,2012
312,Marna,McWhin,mmcwhin8n@ask.com,Durango,2011
313,Anne-corinne,Oddy,aoddy8o@twitpic.com,Avalanche 1500,2003
314,Arvy,Potticary,apotticary8p@is.gd,LTD,1986
315,Jeralee,Windrum,jwindrum8q@blog.com,Entourage,2009
316,Tiphanie,Gook,tgook8r@slate.com,Murano,2007
317,Alysa,Jacques,ajacques8s@uol.com.br,3500,1994
318,Caryn,Candelin,ccandelin8t@chron.com,300,2009
319,Reid,De Beauchamp,rdebeauchamp8u@elegantthemes.com,Celica,1994
320,Elihu,Oakes,eoakes8v@salon.com,Camaro,1977
321,Carolina,Kaesmakers,ckaesmakers8w@google.com.br,MR2,2001
322,Elsy,Shyres,eshyres8x@blog.com,Titan,2012
323,Kym,Capelen,kcapelen8y@yellowbook.com,300,2008
324,Arnold,Syder,asyder8z@ezinearticles.com,S-Class,2004
325,Deana,Cattini,dcattini90@skyrock.com,Celica,2005
326,Ottilie,Ambrosio,oambrosio91@google.cn,Roadster,2012
327,Fifi,Jirka,fjirka92@loc.gov,Tracker,1992
328,Welby,Hassan,whassan93@ustream.tv,Legacy,1994
329,Dannie,Raunds,draunds94@multiply.com,Protege,1997
330,Aggy,Cantillion,acantillion95@nationalgeographic.com,Navigator,1998
331,Essie,Reilingen,ereilingen96@gov.uk,Previa,1994
332,Pip,Jakab,pjakab97@theguardian.com,Tacoma,2008
333,Prentice,Orneblow,porneblow98@who.int,GS,1998
334,Franz,Honniebal,fhonniebal99@delicious.com,1500 Club Coupe,1993
335,Caldwell,Mc Curlye,cmccurlye9a@photobucket.com,Express 2500,2007
336,Elke,Leijs,eleijs9b@pen.io,Laser,1991
337,Sherwynd,Hanigan,shanigan9c@examiner.com,E350,2003
338,Lauritz,Brownscombe,lbrownscombe9d@soup.io,F250,2012
339,Kirby,Ferrar,kferrar9e@cbslocal.com,Town Car,2006
340,Kristi,Kernell,kkernell9f@plala.or.jp,Mustang,2013
341,Gypsy,Schechter,gschechter9g@nih.gov,XC70,2011
342,Tierney,Boxhall,tboxhall9h@jugem.jp,Explorer,2008
343,Jewelle,Signe,jsigne9i@sfgate.com,5000S,1987
344,Rabi,Leivers,rleivers9j@jalbum.net,Starion,1988
345,Kassey,Fiddiman,kfiddiman9k@ibm.com,E-Class,2010
346,Hamnet,de Guerre,hdeguerre9l@cnbc.com,NSX,1996
347,Lewie,Granleese,lgranleese9m@arstechnica.com,Esprit,1993
348,Lurline,Cowburn,lcowburn9n@mysql.com,Ram 2500,1994
349,Lillis,Tytler,ltytler9o@i2i.jp,3000GT,1998
350,Rikki,Rookledge,rrookledge9p@quantcast.com,Probe,1992
351,Hershel,Blewitt,hblewitt9q@wired.com,Celica,1997
352,Geraldine,Ivashin,givashin9r@alexa.com,Equinox,2011
353,Traci,Swinburn,tswinburn9s@amazon.co.jp,New Beetle,2002
354,Bamby,Newband,bnewband9t@blogtalkradio.com,Xterra,2007
355,Sarena,Acome,sacome9u@google.it,R-Class,2008
356,Griz,Renneke,grenneke9v@hexun.com,928,1994
357,Dixie,Boughen,dboughen9w@prlog.org,Previa,1992
358,Coletta,Sealove,csealove9x@google.com.au,Corolla,2012
359,Adore,Lensch,alensch9y@geocities.jp,Aspen,2009
360,Antonino,Mayhow,amayhow9z@last.fm,Passat,2010
361,Abelard,Milazzo,amilazzoa0@dedecms.com,Cabriolet,1991
362,Kristel,Le Conte,klecontea1@ow.ly,TT,2001
363,Marney,Westhead,mwestheada2@springer.com,Silverado 3500,2005
364,Susana,McGilvray,smcgilvraya3@cdbaby.com,Tucson,2006
365,Mattheus,Knoller,mknollera4@ustream.tv,GTI,2004
366,Prudi,Van Oord,pvanoorda5@princeton.edu,Optima,2007
367,Noach,Kleingrub,nkleingruba6@msn.com,Endeavor,2005
368,Concettina,Junes,cjunesa7@tinypic.com,Outlander,2007
369,Trstram,Assiratti,tassirattia8@phpbb.com,Fiesta,2001
370,Pearle,Tunnacliffe,ptunnacliffea9@sciencedaily.com,Savana 1500,2011
371,Freddy,Eglese,fegleseaa@technorati.com,Festiva,1988
372,Lorianne,Matias,lmatiasab@123-reg.co.uk,Firebird,1967
373,Gwendolen,Caselli,gcaselliac@cisco.com,Avenger,2009
374,Marigold,Stedall,mstedallad@yelp.com,F-Series,1985
375,Min,Blacket,mblacketae@ow.ly,Impala,2002
376,Romain,Scoines,rscoinesaf@storify.com,LS,2003
377,Rubia,Spuffard,rspuffardag@vk.com,Brat,1984
378,Giff,Erni,gerniah@livejournal.com,Sunbird,1993
379,Tiffanie,Maulden,tmauldenai@wix.com,Tribeca,2010
380,Jeth,Patriskson,jpatrisksonaj@reference.com,Mazda3,2006
381,Tarra,Harnell,tharnellak@exblog.jp,I,1996
382,Giulio,Pittham,gpitthamal@list-manage.com,Miata MX-5,2003
383,Heriberto,MacTurlough,hmacturlougham@naver.com,Hombre Space,1998
384,Flo,MacEllen,fmacellenan@amazon.de,Topaz,1984
385,Lowell,Lorans,lloransao@icq.com,Discovery,2006
386,Lita,Geraldo,lgeraldoap@friendfeed.com,Sportvan G10,1993
387,Haily,Stapleford,hstaplefordaq@cdc.gov,MDX,2007
388,Lari,Walter,lwalterar@nytimes.com,Sorento,2009
389,Mason,Willford,mwillfordas@nbcnews.com,Mazda6 5-Door,2006
390,Yolane,Bonn,ybonnat@virginia.edu,F-Series,2006
391,Brandtr,Sallows,bsallowsau@hatena.ne.jp,GTI,1992
392,Vida,Aizkovitch,vaizkovitchav@hostgator.com,Continental,2008
393,Glenden,Tregien,gtregienaw@google.es,X-Type,2005
394,Lissa,Karlolak,lkarlolakax@t-online.de,Sundance,1993
395,Forester,Asman,fasmanay@census.gov,Corvette,1966
396,Fayth,Attwell,fattwellaz@nyu.edu,Model T,1909
397,Callida,Crebbin,ccrebbinb0@nifty.com,Loyale,1991
398,Bronny,Rugg,bruggb1@independent.co.uk,Metro,1992
399,Mozes,Wake,mwakeb2@spotify.com,Suburban 1500,1995
400,Margaret,Edowes,medowesb3@yellowpages.com,Type 2,1986
401,Gayle,Bradberry,gbradberryb4@nifty.com,Sunfire,1997
402,Maurizio,Favel,mfavelb5@house.gov,2500 Club Coupe,1995
403,Kipp,Raund,kraundb6@themeforest.net,CTS,2003
404,Kara-lynn,Glinde,kglindeb7@plala.or.jp,Ram 1500,2003
405,Miran,Bagworth,mbagworthb8@webeden.co.uk,Eclipse,2009
406,Helena,Jammes,hjammesb9@discovery.com,LS Hybrid,2012
407,Gannon,Craigmyle,gcraigmyleba@nyu.edu,LaCrosse,2009
408,Reeba,Lorrimer,rlorrimerbb@mail.ru,LS,1994
409,Gothart,Sweet,gsweetbc@slideshare.net,MR2,2004
410,Allissa,McAuley,amcauleybd@joomla.org,MKZ,2010
411,Christiane,McIntosh,cmcintoshbe@marriott.com,Summit,1996
412,Andreas,Bish,abishbf@opera.com,Protege,2002
413,Mirelle,Conyer,mconyerbg@behance.net,Caravan,2007
414,Israel,Eadmeades,ieadmeadesbh@bloglines.com,Passat,1998
415,Sutton,Innett,sinnettbi@engadget.com,Yukon,2002
416,Burlie,MacAfee,bmacafeebj@desdev.cn,Cobalt,2005
417,Quintilla,Yandle,qyandlebk@ox.ac.uk,RSX,2004
418,Lonnard,Cawthra,lcawthrabl@japanpost.jp,Z4,2009
419,Valentia,Dumphrey,vdumphreybm@ameblo.jp,Navigator,2012
420,Syman,Rounsefell,srounsefellbn@so-net.ne.jp,Sonoma,2004
421,Gabi,Fielden,gfieldenbo@amazonaws.com,Cayman,2007
422,Gustave,De Rechter,gderechterbp@amazon.co.jp,Aztek,2004
423,Casper,Waddoups,cwaddoupsbq@zimbio.com,Caravan,2003
424,Kane,Jewes,kjewesbr@oaic.gov.au,Escalade EXT,2008
425,Gilligan,Erangey,gerangeybs@wired.com,Prowler,2000
426,Nevsa,Bonsall,nbonsallbt@stumbleupon.com,Tahoe,2005
427,Heall,Gibbe,hgibbebu@homestead.com,Jimmy,1998
428,Cosimo,Pesticcio,cpesticciobv@list-manage.com,X5 M,2013
429,Lonni,Townrow,ltownrowbw@theglobeandmail.com,Matrix,2010
430,Abran,Tansill,atansillbx@deliciousdays.com,Explorer,2013
431,Christy,Vernham,cvernhamby@quantcast.com,Tacoma Xtra,1998
432,Douglass,Cheke,dchekebz@cpanel.net,Continental,1995
433,Asia,Giddy,agiddyc0@cocolog-nifty.com,Pajero,1997
434,Venita,Delete,vdeletec1@issuu.com,Skylark,1994
435,Margette,Demare,mdemarec2@google.fr,MKX,2012
436,Delmor,Brisco,dbriscoc3@addtoany.com,MKZ,2011
437,Bryant,O'Clery,bocleryc4@newyorker.com,Navigator,2003
438,Rriocard,MacGorley,rmacgorleyc5@google.com.au,Sportvan G30,1994
439,Thorstein,Yitzhakof,tyitzhakofc6@squidoo.com,LeMans,1967
440,Andriana,Desaur,adesaurc7@icio.us,X5,2001
441,Jennette,Downie,jdowniec8@discovery.com,LR2,2010
442,Lauraine,Harries,lharriesc9@digg.com,G6,2005
443,Izabel,Passler,ipasslerca@china.com.cn,Allroad,2002
444,Germaine,Shenton,gshentoncb@cafepress.com,Accord,1993
445,Haskel,Manwaring,hmanwaringcc@icio.us,G8,2008
446,Obie,Matushenko,omatushenkocd@macromedia.com,Avalon,1998
447,Edithe,Gervaise,egervaisece@flickr.com,Excursion,2004
448,Grissel,Eynald,geynaldcf@surveymonkey.com,GLC,1984
449,Poppy,Gutcher,pgutchercg@lycos.com,Maxima,1996
450,Valma,Helmke,vhelmkech@marketwatch.com,M3,2012
451,Palm,Kwietak,pkwietakci@abc.net.au,Five Hundred,2007
452,Northrup,Breazeall,nbreazeallcj@webmd.com,911,2002
453,Riobard,Dun,rdunck@prlog.org,V70,2000
454,Killian,Leishman,kleishmancl@cnet.com,Ascender,2007
455,Jerrine,Hazelhurst,jhazelhurstcm@samsung.com,Navigator L,2011
456,Leonerd,Phorsby,lphorsbycn@ebay.com,Corolla,2006
457,Joshia,Lowfill,jlowfillco@geocities.jp,Thunderbird,1989
458,Brendis,Trevan,btrevancp@cam.ac.uk,Phantom,2008
459,Malissa,Duval,mduvalcq@diigo.com,Riviera,1987
460,Mariam,Jeanenet,mjeanenetcr@mlb.com,4Runner,2003
461,Efrem,Dagless,edaglesscs@over-blog.com,911,2011
462,Ignacio,Zapatero,izapateroct@example.com,Range Rover,2011
463,Gael,Borrell,gborrellcu@a8.net,Cougar,1989
464,Henka,Ruegg,hrueggcv@ted.com,Corvette,2008
465,Olva,Whether,owhethercw@hatena.ne.jp,RS4,2007
466,Trefor,Service,tservicecx@clickbank.net,960,1997
467,Ddene,Hunnybun,dhunnybuncy@gmpg.org,Frontier,2002
468,Querida,De Ruggiero,qderuggierocz@msu.edu,Pathfinder,2007
469,Marcille,Wheildon,mwheildond0@histats.com,Xtra,1994
470,Warden,State,wstated1@blogtalkradio.com,Sprinter,2006
471,Ignacius,Linch,ilinchd2@naver.com,Cougar,1968
472,Orville,Mannock,omannockd3@ameblo.jp,B-Series,1999
473,Neille,Gimbart,ngimbartd4@go.com,XK,2007
474,Gale,Kernley,gkernleyd5@google.it,Thunderbird,1980
475,Reiko,Aspray,rasprayd6@theglobeandmail.com,Prelude,1986
476,Elaina,Lyal,elyald7@japanpost.jp,Sephia,1996
477,Hercules,Elizabeth,helizabethd8@imgur.com,Sunfire,1999
478,Annalise,Turbern,aturbernd9@buzzfeed.com,LX,2004
479,Roi,Shotboulte,rshotboulteda@mashable.com,TSX,2011
480,Emmy,Storror,estorrordb@trellian.com,Impreza,1995
481,Thacher,Grimbleby,tgrimblebydc@zimbio.com,T100 Xtra,1996
482,Palm,Simenet,psimenetdd@yahoo.com,Metro,1998
483,Ali,Exley,aexleyde@liveinternet.ru,GT500,2009
484,Harley,Waugh,hwaughdf@army.mil,Daewoo Lacetti,2006
485,Minna,Tuson,mtusondg@google.com.hk,Thunderbird,1965
486,Annetta,Daniells,adaniellsdh@archive.org,1500,1993
487,Ali,Rawstorne,arawstornedi@dailymail.co.uk,Citation,1980
488,Adrianna,Lovat,alovatdj@behance.net,90,1989
489,Izak,Marusyak,imarusyakdk@macromedia.com,Legacy,1996
490,Sim,Ivanyutin,sivanyutindl@upenn.edu,Monaco,1992
491,Marwin,Dearn,mdearndm@oakley.com,Laser,1985
492,Dalia,Partlett,dpartlettdn@tiny.cc,riolet,1997
493,Allianora,Polley,apolleydo@theatlantic.com,Astro,1998
494,Dottie,Ashwin,dashwindp@si.edu,Firebird,1996
495,Kiri,Weblin,kweblindq@nydailynews.com,Yukon XL 1500,2009
496,Finlay,Churly,fchurlydr@go.com,Jetta,1984
497,Fulvia,Ewens,fewensds@hc360.com,S60,2002
498,Alanna,Gorler,agorlerdt@bandcamp.com,H1,2001
499,Shelden,Vischi,svischidu@dmoz.org,Astro,1999
500,Hank,Mieville,hmievilledv@imdb.com,4Runner,1994
501,Whitby,Fettes,wfettesdw@scientificamerican.com,CL-Class,2000
502,Webb,Exton,wextondx@stumbleupon.com,Esprit,2003
503,Cherie,Lough,cloughdy@ustream.tv,Lancer,2007
504,Brucie,Stango,bstangodz@github.com,C-Class,2012
505,Huntley,Teesdale,hteesdalee0@virginia.edu,Vibe,2005
506,Ky,Retallack,kretallacke1@cloudflare.com,Mighty Max Macro,1992
507,Leslie,Halloran,lhallorane2@tmall.com,Yukon XL 1500,2007
508,Ethelda,Gimenez,egimeneze3@si.edu,MPV,1993
509,Dniren,Linnemann,dlinnemanne4@mysql.com,Sienna,2009
510,Beatrix,O'Hagan,bohagane5@nih.gov,Escalade ESV,2011
511,Norbie,Roscow,nroscowe6@angelfire.com,929,1994
512,Christophorus,Konerding,ckonerdinge7@cnet.com,VehiCROSS,2001
513,Hastie,Luetchford,hluetchforde8@opera.com,Landaulet,2010
514,Chip,Culleford,cculleforde9@shop-pro.jp,Oasis,1998
515,Lelia,Caughan,lcaughanea@npr.org,Lanos,2000
516,Dorisa,Bergstram,dbergstrameb@cloudflare.com,Jetta,2010
517,Cirstoforo,Eisikovitsh,ceisikovitshec@canalblog.com,VUE,2007
518,Kris,McKee,kmckeeed@baidu.com,Cougar,1995
519,Lisha,Hulle,lhulleee@macromedia.com,Crossfire,2005
520,Elisabeth,Eslie,eeslieef@goo.gl,Tribeca,2008
521,Shelden,Beves,sbeveseg@disqus.com,Sidekick,1992
522,Elora,Flemming,eflemmingeh@youtu.be,Freestyle,2006
523,Ema,Seivertsen,eseivertsenei@skype.com,Elise,2011
524,Christoffer,Castelijn,ccastelijnej@mapquest.com,D350,1993
525,Peyter,Lufkin,plufkinek@latimes.com,Explorer Sport Trac,2010
526,Leonore,Demanche,ldemancheel@mozilla.com,Highlander,2010
527,Iolande,Rayburn,irayburnem@netvibes.com,Vandura 2500,1994
528,Darill,Sellens,dsellensen@howstuffworks.com,Monaco,1992
529,Redford,Hogbourne,rhogbourneeo@jimdo.com,Caravan,2006
530,Germaine,Peer,gpeerep@bizjournals.com,Cougar,2002
531,Haywood,Doubrava,hdoubravaeq@printfriendly.com,Cabriolet,2000
532,Edie,Crasswell,ecrassweller@imageshack.us,Hearse,1996
533,Shay,Ciciari,sciciaries@sciencedirect.com,NX,1992
534,Onida,Cersey,ocerseyet@twitter.com,Milan,2009
535,Alard,Giacomini,agiacominieu@yahoo.co.jp,Celica,2003
536,Yorker,Perton,ypertonev@newyorker.com,E-Class,2002
537,Udell,de Guerre,udeguerreew@ovh.net,Bonneville,2003
538,Myrtia,Giorgielli,mgiorgielliex@archive.org,New Beetle,2003
539,Nial,McCree,nmccreeey@europa.eu,GS,2001
540,Brod,Hughlock,bhughlockez@ed.gov,LeSabre,1991
541,Kevin,Barosch,kbaroschf0@fema.gov,Sunfire,1997
542,Zachary,Passey,zpasseyf1@1und1.de,57,2005
543,Yalonda,Gotfrey,ygotfreyf2@wunderground.com,Mustang,1992
544,Bliss,Duran,bduranf3@clickbank.net,S10,1997
545,Blanch,Welberry,bwelberryf4@constantcontact.com,Voyager,1998
546,Sara-ann,Haggett,shaggettf5@wikia.com,Camry,2003
547,Pen,Moth,pmothf6@hatena.ne.jp,Landaulet,2009
548,Johanna,Abbate,jabbatef7@bloglovin.com,Mustang,1988
549,Juline,Gollard,jgollardf8@paginegialle.it,62,2007
550,Ajay,Duckering,aduckeringf9@fastcompany.com,Range Rover,1997
551,Elna,Swayte,eswaytefa@mapquest.com,Grand Caravan,2009
552,Ilysa,Fishleigh,ifishleighfb@theguardian.com,Crown Victoria,2001
553,El,Haworth,ehaworthfc@paginegialle.it,Jetta,2006
554,Ellissa,Paffot,epaffotfd@vinaora.com,CL65 AMG,2009
555,Vallie,Meakes,vmeakesfe@flavors.me,Corvette,1986
556,Emlynne,Loveday,elovedayff@bing.com,Sierra 1500,2009
557,Mimi,Albarez,malbarezfg@biglobe.ne.jp,Grand Am,2000
558,Lila,Kilmary,lkilmaryfh@list-manage.com,xA,2005
559,Marilin,Abbatt,mabbattfi@google.es,F150,2007
560,Josephine,McCaig,jmccaigfj@smugmug.com,Outlander,2005
561,Mala,Butterworth,mbutterworthfk@eventbrite.com,Malibu,2013
562,Kori,Yarker,kyarkerfl@netvibes.com,California,2010
563,Gary,Jachimak,gjachimakfm@t.co,530,2002
564,Patrice,Fellgate,pfellgatefn@meetup.com,SX4,2008
565,Clarke,Goldingay,cgoldingayfo@msn.com,Rio5,2008
566,Sonja,Chanson,schansonfp@ucoz.ru,Vandura G3500,1995
567,Fey,Esson,fessonfq@webmd.com,Grand Voyager,1993
568,Kincaid,Kidstoun,kkidstounfr@ihg.com,Concorde,1997
569,Jobey,Dusting,jdustingfs@cbsnews.com,Stratus,1996
570,Whit,Ivimy,wivimyft@twitpic.com,CX-7,2007
571,Coraline,Downe,cdownefu@tumblr.com,Rio,2009
572,Ario,Quan,aquanfv@imdb.com,Bronco,1988
573,Mycah,Deakan,mdeakanfw@marriott.com,Sephia,1995
574,Shem,Howle,showlefx@about.me,Mini Cooper,1964
575,Benedikt,Clows,bclowsfy@constantcontact.com,E-Class,2006
576,Giana,Van den Bosch,gvandenboschfz@seesaa.net,CR-V,2002
577,Nanon,Gabotti,ngabottig0@amazon.co.uk,Grand Caravan,1992
578,Kirsten,Cleave,kcleaveg1@fotki.com,Explorer Sport,2002
579,Lazare,Czadla,lczadlag2@imageshack.us,Aurora,1996
580,Melessa,Keightley,mkeightleyg3@baidu.com,Prius,2012
581,Piper,Menico,pmenicog4@canalblog.com,Suburban 1500,1994
582,Druci,Roggers,droggersg5@tripadvisor.com,SL-Class,2008
583,Ethe,Ruddiman,eruddimang6@devhub.com,Century,1986
584,Hugo,Nugent,hnugentg7@un.org,MX-5,1998
585,Zondra,MacParlan,zmacparlang8@statcounter.com,Focus,2001
586,Ulric,Dobbison,udobbisong9@technorati.com,Safari,1997
587,Agnesse,Tripe,atripega@4shared.com,Civic,2008
588,Portie,Kerrich,pkerrichgb@creativecommons.org,Camaro,2010
589,Jacqui,Tabourel,jtabourelgc@dedecms.com,Prelude,2000
590,Nannette,Brotherhed,nbrotherhedgd@kickstarter.com,XL-7,2008
591,Marietta,Stutte,mstuttege@sciencedirect.com,iQ,2012
592,Alvy,Neagle,aneaglegf@auda.org.au,C8,2006
593,Cammy,Durran,cdurrangg@illinois.edu,Grand Prix,1968
594,Angil,Baggelley,abaggelleygh@paginegialle.it,Gallardo,2004
595,Scottie,De Vile,sdevilegi@canalblog.com,626,1985
596,Armin,Blague,ablaguegj@home.pl,5 Series,2010
597,Novelia,Arrington,narringtongk@de.vu,Yukon XL 2500,2005
598,Mable,Kennally,mkennallygl@reference.com,M,2012
599,Yorgo,Santen,ysantengm@qq.com,S10,1995
600,Carver,Rasell,crasellgn@soup.io,Freestar,2005
601,Gayleen,Cocker,gcockergo@jigsy.com,CL-Class,1998
602,Addi,Stroband,astrobandgp@ca.gov,A4,2005
603,Dell,Ribbon,dribbongq@mac.com,Camaro,1997
604,Craggie,Burwin,cburwingr@wiley.com,62,2008
605,Laural,Scamadin,lscamadings@etsy.com,Ciera,1992
606,Anestassia,Skelhorne,askelhornegt@geocities.com,Ram Van B250,1993
607,Nikola,Copnar,ncopnargu@people.com.cn,STS-V,2006
608,Moreen,Quinion,mquiniongv@scribd.com,Z4 M,2008
609,Maximilian,McCarlich,mmccarlichgw@ehow.com,4Runner,2006
610,Maye,Bauchop,mbauchopgx@g.co,SL-Class,1997
611,Melvin,McQuirk,mmcquirkgy@si.edu,Ranger,1992
612,Lamont,Knowling,lknowlinggz@jiathis.com,E-Series,2012
613,Ula,Server,userverh0@reference.com,Civic,2005
614,Homerus,Hancock,hhancockh1@dailymail.co.uk,Cougar,1996
615,Erek,Balcombe,ebalcombeh2@dot.gov,Savana 3500,2007
616,Murielle,O'Hern,mohernh3@sbwire.com,Sonoma,1999
617,Wilburt,Walkley,wwalkleyh4@opensource.org,xA,2004
618,Kalil,McCafferty,kmccaffertyh5@storify.com,B-Series,1999
619,Yale,Falks,yfalksh6@java.com,Ranger,1998
620,Babbie,Gawne,bgawneh7@virginia.edu,Diamante,1992
621,Kizzee,Girauld,kgirauldh8@icq.com,B-Series,2007
622,Tymon,Grayley,tgrayleyh9@ameblo.jp,Sonoma,1997
623,Silvain,Gettone,sgettoneha@prlog.org,Blackwood,2002
624,Hastings,Narramore,hnarramorehb@comcast.net,9000,1987
625,Anne,Josifovitz,ajosifovitzhc@bluehost.com,Enclave,2011
626,Ingmar,Gouch,igouchhd@ucsd.edu,Legacy,2004
627,Layney,Tanguy,ltanguyhe@vkontakte.ru,Scoupe,1994
628,Theo,Kneale,tknealehf@huffingtonpost.com,Expedition EL,2009
629,Euphemia,Goodspeed,egoodspeedhg@msu.edu,C8,2007
630,Correy,Elcoate,celcoatehh@examiner.com,PT Cruiser,2002
631,Aldon,Santello,asantellohi@zdnet.com,Taurus,2005
632,Kaspar,Towsie,ktowsiehj@slate.com,F350,2003
633,Wileen,Domange,wdomangehk@yahoo.com,Impala,2005
634,Teador,Marchetti,tmarchettihl@pen.io,Intrepid,2002
635,Amye,Whieldon,awhieldonhm@cargocollective.com,Discovery,2000
636,Ariana,Redfearn,aredfearnhn@amazon.co.uk,M6,2007
637,Gothart,Melan,gmelanho@engadget.com,S-Type,2003
638,Thorpe,Scoggan,tscogganhp@toplist.cz,Riviera,1993
639,Marcus,Adamides,madamideshq@biblegateway.com,Sonoma,2001
640,Bax,Crossthwaite,bcrossthwaitehr@fastcompany.com,A8,2009
641,Ellswerth,Blazeby,eblazebyhs@kickstarter.com,Sierra 3500,2012
642,Liz,Terese,ltereseht@webs.com,5 Series,1995
643,Kalil,Twentyman,ktwentymanhu@apache.org,Avalanche,2008
644,Rodney,Scholte,rscholtehv@theglobeandmail.com,Express 3500,2010
645,Shaylynn,Lanegran,slanegranhw@nytimes.com,Blazer,1998
646,Antonino,Rousell,arousellhx@4shared.com,Legacy,1994
647,Rutger,Greystoke,rgreystokehy@jimdo.com,S-Class,1988
648,Ozzy,Roberds,oroberdshz@adobe.com,Outback,2006
649,Ermin,Balmadier,ebalmadieri0@soup.io,Riviera,1998
650,Ellerey,Pashley,epashleyi1@scientificamerican.com,200,2011
651,Kile,Shimmings,kshimmingsi2@icq.com,M6,2009
652,Nessa,Vockings,nvockingsi3@cafepress.com,XLR-V,2006
653,Hans,Russen,hrusseni4@list-manage.com,Suburban 2500,2002
654,Lavena,Veillard,lveillardi5@cnn.com,Odyssey,1996
655,Franky,Domenichini,fdomenichinii6@simplemachines.org,1000,1985
656,Dalia,Degli Abbati,ddegliabbatii7@google.com.au,TT,2010
657,Gregoire,Rowan,growani8@youtube.com,Defender 90,1994
658,Dahlia,Mintoft,dmintofti9@mail.ru,Cube,2011
659,Stefa,Adriani,sadrianiia@jigsy.com,Rally Wagon G3500,1995
660,Vern,Mardee,vmardeeib@gov.uk,Grand Marquis,2003
661,Hendrick,Farington,hfaringtonic@feedburner.com,S-Series,1994
662,Maris,Indge,mindgeid@upenn.edu,Yaris,2007
663,Karmen,Kolakowski,kkolakowskiie@sitemeter.com,Caravan,1996
664,Simona,Ollander,sollanderif@washingtonpost.com,W201,1993
665,Montgomery,Mountford,mmountfordig@creativecommons.org,G-Series G10,1992
666,Gracia,Huddle,ghuddleih@blog.com,G37,2012
667,Bartram,Ridehalgh,bridehalghii@last.fm,Millenia,1998
668,Adolph,Millery,amilleryij@youtube.com,9000,1990
669,Alika,Blowin,ablowinik@blogtalkradio.com,Navigator L,2010
670,Winthrop,Mcwhinnie,wmcwhinnieil@tripod.com,Cobalt SS,2009
671,Penelopa,McGhee,pmcgheeim@bloglines.com,Taurus,2011
672,Roselle,Knapper,rknapperin@eepurl.com,Sierra 3500,2009
673,Morena,Kempson,mkempsonio@cargocollective.com,Sebring,2009
674,Bernhard,Langthorn,blangthornip@ftc.gov,Compass,2009
675,Stephie,Ridel,srideliq@usgs.gov,CR-V,2010
676,Alyda,Eakin,aeakinir@zimbio.com,944,1991
677,Danice,Gravells,dgravellsis@narod.ru,Firebird,1969
678,Ivette,Lawlor,ilawlorit@thetimes.co.uk,Fiesta,2001
679,Martica,Ship,mshipiu@163.com,Civic,1992
680,Lemmy,Muro,lmuroiv@geocities.com,Cavalier,1993
681,Celinda,Tofanelli,ctofanelliiw@sciencedirect.com,Aerio,2007
682,Donnie,Zohrer,dzohrerix@biblegateway.com,Sierra 1500,2010
683,Silvain,Orrice,sorriceiy@mashable.com,300SD,1992
684,Virgil,Hawkswood,vhawkswoodiz@bandcamp.com,Navigator L,2007
685,Natalee,Mordey,nmordeyj0@kickstarter.com,Silhouette,1994
686,Emlen,Goudge,egoudgej1@altervista.org,QX,2009
687,Chryste,Stirley,cstirleyj2@free.fr,Tempo,1993
688,Justinn,Hatrey,jhatreyj3@yandex.ru,Tacoma Xtra,2003
689,Jedidiah,Brownhill,jbrownhillj4@weibo.com,Lumina,1993
690,Marlane,Cow,mcowj5@nasa.gov,Century,1988
691,Minda,Ireland,mirelandj6@wikipedia.org,MKT,2012
692,Fairlie,Redsull,fredsullj7@last.fm,Aspen,2007
693,Rosalie,Lamberto,rlambertoj8@cocolog-nifty.com,Mustang,1992
694,Violette,Carlyon,vcarlyonj9@ucla.edu,Monaco,1992
695,Rodolph,Kedge,rkedgeja@patch.com,Bronco,1991
696,Vassili,Skullet,vskulletjb@forbes.com,Camaro,1982
697,Curt,Lavender,clavenderjc@geocities.jp,Viper RT/10,1994
698,Jessy,MacGhee,jmacgheejd@ucoz.ru,Supra,1998
699,Sebastien,Peddowe,speddoweje@moonfruit.com,Sedona,2011
700,Madelina,Ridsdole,mridsdolejf@multiply.com,Sephia,1998
701,Loraine,Acey,laceyjg@scribd.com,ZX2,2002
702,Jasmina,Abramovic,jabramovicjh@globo.com,Charade,1992
703,Jilly,Noah,jnoahji@posterous.com,Regal,2003
704,Elfreda,Bencher,ebencherjj@51.la,Escort,1994
705,Nicol,Blencoe,nblencoejk@posterous.com,Pathfinder,2000
706,Gwenore,Turville,gturvillejl@usatoday.com,Intrepid,2003
707,Queenie,Sproston,qsprostonjm@usatoday.com,Civic,1998
708,Chev,Werndly,cwerndlyjn@utexas.edu,Cougar,1989
709,Jone,Melland,jmellandjo@rambler.ru,9000,1986
710,Carmine,Swyer,cswyerjp@va.gov,Impreza,2000
711,Kristian,Hulk,khulkjq@mapy.cz,Thunderbird,2002
712,Luca,Bonnell,lbonnelljr@arizona.edu,S80,2001
713,Ethyl,Stearnes,estearnesjs@istockphoto.com,Maxima,2003
714,Glen,Deackes,gdeackesjt@nba.com,LS,1995
715,Camile,Swinyard,cswinyardju@merriam-webster.com,Grand Marquis,1995
716,Midge,Davall,mdavalljv@cornell.edu,i-Series,2008
717,Zacherie,Cavanaugh,zcavanaughjw@msn.com,RAV4,2008
718,Abbe,Rockey,arockeyjx@diigo.com,Fusion,2011
719,Nelli,Gapper,ngapperjy@reddit.com,Tucson,2012
720,Eldon,Frunks,efrunksjz@blog.com,Cirrus,2000
721,Ursola,Chat,uchatk0@privacy.gov.au,X6 M,2011
722,Warren,Lorain,wloraink1@smugmug.com,3500,1993
723,Davita,Natt,dnattk2@de.vu,Colt,1994
724,Theodor,Benjafield,tbenjafieldk3@123-reg.co.uk,Galant,1998
725,Darcey,Aviss,davissk4@51.la,Grand Caravan,1994
726,Maxi,Wykey,mwykeyk5@cpanel.net,G35,2008
727,Cammy,Gutch,cgutchk6@com.com,Quattroporte,2011
728,Ramsey,McCrachen,rmccrachenk7@surveymonkey.com,tC,2011
729,Dian,Scudders,dscuddersk8@xing.com,Century,1993
730,Brocky,Macken,bmackenk9@nymag.com,Elantra,2013
731,Tarrance,Cubley,tcubleyka@123-reg.co.uk,FJ Cruiser,2012
732,Klarrisa,Wedge,kwedgekb@telegraph.co.uk,Range Rover,2007
733,Kathryne,McCraine,kmccrainekc@yahoo.com,Jetta,2004
734,Alix,Du Hamel,aduhamelkd@scribd.com,HHR,2010
735,Laurie,Ricson,lricsonke@plala.or.jp,M-Class,1998
736,Guthrey,Sandells,gsandellskf@usa.gov,Viper,1992
737,Miof mela,Eldon,meldonkg@dyndns.org,Sable,1986
738,Neville,Warrack,nwarrackkh@webnode.com,Expedition EL,2008
739,Brietta,Plues,bplueski@smh.com.au,Patriot,2008
740,Sarette,Church,schurchkj@sakura.ne.jp,Z3,2002
741,Madeline,Elliker,mellikerkk@accuweather.com,E-Class,1991
742,Spencer,Slate,sslatekl@bigcartel.com,M,2011
743,Olive,Twaite,otwaitekm@sina.com.cn,Grand Marquis,1996
744,Fonsie,Laxe,flaxekn@house.gov,TrailBlazer,2006
745,Maddy,Yushmanov,myushmanovko@admin.ch,Prizm,1999
746,Korie,Linsey,klinseykp@merriam-webster.com,Grand Marquis,2000
747,Correy,Thing,cthingkq@springer.com,Ranger,1986
748,Joelly,Rossoni,jrossonikr@goo.gl,New Beetle,2000
749,Nikola,Antonchik,nantonchikks@bloglines.com,Sunbird,1983
750,Teodora,Firmin,tfirminkt@blogtalkradio.com,Spirit,1993
751,Ira,Hanscom,ihanscomku@joomla.org,Sonoma,2000
752,Kennedy,Woolway,kwoolwaykv@networkadvertising.org,Lumina,2000
753,Anestassia,Relf,arelfkw@tripadvisor.com,Suburban 1500,1997
754,Desi,Grout,dgroutkx@nymag.com,Murciélago,2002
755,Sollie,Zuppa,szuppaky@mozilla.org,Eclipse,1994
756,Odo,Boarleyson,oboarleysonkz@pagesperso-orange.fr,Range Rover,2004
757,Emlen,Behling,ebehlingl0@boston.com,Discovery,2007
758,Trescha,Baggs,tbaggsl1@clickbank.net,Express,2007
759,Kalinda,Ffoulkes,kffoulkesl2@shutterfly.com,California,2009
760,Guinna,Swinney,gswinneyl3@comsenz.com,S10,1997
761,Gussi,Boak,gboakl4@storify.com,Grand Marquis,2008
762,Gib,Rulton,grultonl5@gmpg.org,S4,2002
763,Mommy,Joynson,mjoynsonl6@ox.ac.uk,Challenger,1998
764,Farlee,Clendennen,fclendennenl7@imageshack.us,Outback,2001
765,Gael,Turbill,gturbilll8@ifeng.com,Sable,1994
766,Caralie,De Paoli,cdepaolil9@go.com,Boxster,2009
767,Pren,Jerrim,pjerrimla@hhs.gov,Yukon XL 1500,2005
768,Fredelia,Jessopp,fjessopplb@kickstarter.com,Eldorado,2000
769,Torey,Baroux,tbarouxlc@edublogs.org,Silverado 1500,2003
770,Gerome,Crathorne,gcrathorneld@disqus.com,Prowler,2000
771,Amandi,Litherborough,alitherboroughle@sitemeter.com,Sonoma,2003
772,Lisa,Mackie,lmackielf@trellian.com,Exige,2006
773,Morgen,Strode,mstrodelg@princeton.edu,S-Type,2003
774,Obediah,Bumpass,obumpasslh@apple.com,Firebird,1987
775,Piotr,Geikie,pgeikieli@slashdot.org,430,1991
776,Morna,Fancy,mfancylj@meetup.com,Scirocco,1985
777,Andrej,Cubbini,acubbinilk@drupal.org,C8,2007
778,Gwynne,Klehn,gklehnll@bloglines.com,100,1993
779,Nikola,Stave,nstavelm@instagram.com,Civic Si,2005
780,George,Skillett,gskillettln@example.com,MGB,1977
781,Reynold,Abramowsky,rabramowskylo@opensource.org,Familia,1992
782,Gates,Waldram,gwaldramlp@bloglovin.com,Insight,2006
783,Athena,Cribbins,acribbinslq@reference.com,Biturbo,1987
784,Louis,Amy,lamylr@wisc.edu,LS,1991
785,Ilse,McKearnen,imckearnenls@indiatimes.com,Yukon XL 1500,2011
786,Feliks,Nock,fnocklt@livejournal.com,E-Class,1984
787,Gran,MacNelly,gmacnellylu@clickbank.net,Elantra,2009
788,Rik,Hudleston,rhudlestonlv@geocities.jp,Skylark,1998
789,Piper,Minogue,pminoguelw@constantcontact.com,Explorer,1991
790,Cecil,Bye,cbyelx@histats.com,Outback,2007
791,Rosamond,Kitman,rkitmanly@nih.gov,Vantage,2007
792,Skell,Miroy,smiroylz@illinois.edu,Accord,2008
793,Joice,Goulstone,jgoulstonem0@miibeian.gov.cn,GX,2004
794,Aloin,Tant,atantm1@ask.com,Bronco,1986
795,Erin,Dunster,edunsterm2@cargocollective.com,Stanza,1992
796,Prentiss,Pleaden,ppleadenm3@businessinsider.com,DB9,2005
797,Donni,Rickett,drickettm4@163.com,Montero,2000
798,Berna,Briereton,bbrieretonm5@latimes.com,911,2002
799,Lorna,Parfitt,lparfittm6@creativecommons.org,Mark VIII,1997
800,Stanislas,Rowaszkiewicz,srowaszkiewiczm7@shinystat.com,Sonoma Club Coupe,1996
801,Thatcher,McMakin,tmcmakinm8@surveymonkey.com,Sunfire,2005
802,Kathleen,Rabbitt,krabbittm9@ameblo.jp,Sebring,2000
803,Phineas,Branwhite,pbranwhitema@ovh.net,MX-5,2011
804,Laure,Pride,lpridemb@bloglines.com,Talon,1993
805,Giovanni,Humbell,ghumbellmc@google.com,Sable,2001
806,Milt,McQuaker,mmcquakermd@wikia.com,SJ,1988
807,Dolf,Yurevich,dyurevichme@edublogs.org,Civic,1989
808,Sabra,Kubacki,skubackimf@meetup.com,XL7,2009
809,Sibel,Challicum,schallicummg@about.com,Silverado 1500,2011
810,Ernie,Antognazzi,eantognazzimh@nps.gov,C70,2010
811,Harlene,Gulk,hgulkmi@fotki.com,XLR,2008
812,Penelopa,Kisbee,pkisbeemj@cloudflare.com,Touareg,2010
813,Riane,Niaves,rniavesmk@cbc.ca,Tahoe,2009
814,Olenka,Cockburn,ocockburnml@hugedomains.com,Focus,2000
815,Ulrich,Caulliere,ucaullieremm@wiley.com,Sportvan G20,1995
816,Huntington,Keavy,hkeavymn@zdnet.com,62,2005
817,Berti,Swanne,bswannemo@yolasite.com,Cayman,2006
818,Tabina,Buey,tbueymp@psu.edu,Bonneville,1986
819,Ericka,Blockwell,eblockwellmq@meetup.com,Camaro,2012
820,Sonny,Gommey,sgommeymr@desdev.cn,Range Rover,2000
821,Grenville,Doul,gdoulms@chronoengine.com,Aerostar,1997
822,Andrew,McEntee,amcenteemt@purevolume.com,Beretta,1994
823,Clyde,Gulston,cgulstonmu@spiegel.de,IS,2003
824,Celestina,Soden,csodenmv@4shared.com,Sonoma,1993
825,Adlai,Drews,adrewsmw@yellowbook.com,C-Class,2010
826,Marcelo,Drable,mdrablemx@who.int,1500 Club Coupe,1993
827,Keen,Veryard,kveryardmy@bizjournals.com,Eldorado,1992
828,Eliot,Akitt,eakittmz@cyberchimps.com,Cabriolet,1989
829,Bar,Pietraszek,bpietraszekn0@gov.uk,MX-3,1992
830,Courtenay,Bleakley,cbleakleyn1@wp.com,Rio,2001
831,Northrup,Walker,nwalkern2@kickstarter.com,Talon,1992
832,Dorella,Instock,dinstockn3@liveinternet.ru,V50,2009
833,Laverne,Gherardini,lgherardinin4@chron.com,M3,2004
834,Georgina,MacConnell,gmacconnelln5@hatena.ne.jp,Cooper Clubman,2010
835,Roscoe,Harold,rharoldn6@unblog.fr,Camry,2000
836,Adler,Prenty,aprentyn7@google.ca,Tahoe,2000
837,Miof mela,Fronek,mfronekn8@illinois.edu,Outback,2007
838,Ebony,Hassen,ehassenn9@opera.com,Silverado 2500,2009
839,Goddard,Wooller,gwoollerna@t-online.de,Mazda6 Sport,2006
840,Krishna,Garnul,kgarnulnb@lulu.com,626,1991
841,Webster,Talman,wtalmannc@joomla.org,Pajero,2004
842,Yettie,Piggford,ypiggfordnd@clickbank.net,Explorer,2004
843,Clarke,Chaytor,cchaytorne@cyberchimps.com,Equinox,2005
844,Orly,Whittuck,owhittucknf@intel.com,E250,2005
845,Lance,Cometson,lcometsonng@apple.com,D150,1993
846,Eba,Sweetenham,esweetenhamnh@archive.org,F450,2008
847,Jojo,Dorrington,jdorringtonni@uiuc.edu,Shadow,1994
848,Trina,Verty,tvertynj@webeden.co.uk,Rally Wagon 3500,1992
849,Glory,Fredson,gfredsonnk@ca.gov,Elantra,2004
850,Opaline,Ferreira,oferreiranl@etsy.com,Integra,1988
851,Conni,Showell,cshowellnm@studiopress.com,900,1997
852,Agosto,Polglase,apolglasenn@uol.com.br,Rondo,2009
853,Liesa,Stienham,lstienhamno@ebay.com,B-Series Plus,2004
854,Florina,MacConnell,fmacconnellnp@eventbrite.com,VUE,2002
855,Zacharias,Greger,zgregernq@wikispaces.com,Bronco II,1990
856,Dana,Fisby,dfisbynr@hugedomains.com,Grand Caravan,1993
857,Kamila,Lineham,klinehamns@joomla.org,D150 Club,1993
858,Brian,Santore,bsantorent@huffingtonpost.com,350Z,2009
859,Lynsey,Rigler,lriglernu@bizjournals.com,Spectra,2003
860,Marianne,Hanby,mhanbynv@naver.com,Sonoma Club Coupe,1993
861,Cristionna,Shivell,cshivellnw@wiley.com,Venture,1998
862,Sal,Theaker,stheakernx@csmonitor.com,MINI,2002
863,Erwin,Bougen,ebougenny@virginia.edu,X6,2010
864,Garald,Matzl,gmatzlnz@usnews.com,3500,1996
865,Maressa,Haliburton,mhaliburtono0@surveymonkey.com,430,1991
866,Sibel,Redmire,sredmireo1@shutterfly.com,Cordia,1986
867,Lilla,Gocke,lgockeo2@netscape.com,A4,2009
868,Melony,Ferreira,mferreirao3@comcast.net,Clubman,2010
869,Leigh,Weddeburn,lweddeburno4@squidoo.com,Elantra,2012
870,Ange,Jaqueminet,ajaquemineto5@posterous.com,Ram 1500,2010
871,Celesta,Menico,cmenicoo6@51.la,Yukon XL 1500,2001
872,Devondra,Parade,dparadeo7@ning.com,911,1989
873,Tann,Townrow,ttownrowo8@etsy.com,New Beetle,1999
874,Sharlene,Loomes,sloomeso9@pbs.org,Viper,2002
875,Nathanial,Burling,nburlingoa@usnews.com,M6,2007
876,Mehetabel,O'Grogane,mogroganeob@economist.com,Sable,1992
877,Kirk,De La Salle,kdelasalleoc@umich.edu,525,2002
878,Ephraim,Ribey,eribeyod@de.vu,Mustang,1969
879,Ethelred,Grinyov,egrinyovoe@rambler.ru,Talon,1992
880,Taddeusz,Clowney,tclowneyof@gnu.org,Avanti,1962
881,Chaunce,Silver,csilverog@imgur.com,Yaris,2006
882,Vinnie,MacVay,vmacvayoh@surveymonkey.com,Avenger,1999
883,Pooh,Kern,pkernoi@trellian.com,Sentra,2000
884,Link,Ladloe,lladloeoj@shutterfly.com,Express 1500,2010
885,Clevey,Lewendon,clewendonok@naver.com,CX-9,2011
886,Rozanne,Pouton,rpoutonol@deviantart.com,Sonoma,2002
887,Shurwood,Renton,srentonom@vk.com,4Runner,1996
888,Jillie,Brydie,jbrydieon@epa.gov,Prius,2001
889,Alf,Cordell,acordelloo@hao123.com,9000,1987
890,Frayda,Brunotti,fbrunottiop@spotify.com,Wrangler,1992
891,Gerard,Roscrigg,groscriggoq@washington.edu,Range Rover,1991
892,Antonetta,Fathers,afathersor@intel.com,X6 M,2013
893,Parnell,Denge,pdengeos@comcast.net,Civic,2012
894,Glen,Crawforth,gcrawforthot@twitpic.com,Stealth,1995
895,Tadd,Proschek,tproschekou@hostgator.com,Trooper,1994
896,Jennine,Rouf,jroufov@netscape.com,rio,1999
897,Ginelle,McIlhatton,gmcilhattonow@flavors.me,57,2011
898,Celie,Cheal,cchealox@gravatar.com,Acclaim,1995
899,Ingamar,Santer,isanteroy@yahoo.co.jp,Accord,1995
900,Nettie,Burger,nburgeroz@dailymail.co.uk,Clubman,2012
901,Karilynn,Brakespear,kbrakespearp0@google.ca,SC,2002
902,Martelle,Giabuzzi,mgiabuzzip1@statcounter.com,Corvette,1987
903,Thibaut,Poser,tposerp2@icq.com,A8,1999
904,Yetta,Beddon,ybeddonp3@huffingtonpost.com,Mystique,1998
905,Vassili,Jeffray,vjeffrayp4@vistaprint.com,Grand Marquis,2003
906,Arte,Ryland,arylandp5@princeton.edu,Mark VII,1992
907,Earl,Kosel,ekoselp6@nyu.edu,PT Cruiser,2005
908,Mufinella,Boynton,mboyntonp7@bbc.co.uk,Malibu,2006
909,Georgi,Treadwell,gtreadwellp8@icq.com,Mazda5,2009
910,Cooper,Swindall,cswindallp9@ebay.co.uk,Grand Am,1989
911,Latia,Pomeroy,lpomeroypa@flickr.com,Mustang,1980
912,Mireielle,Conneau,mconneaupb@hhs.gov,Cabriolet,1996
913,Emmalee,Mc Meekan,emcmeekanpc@zdnet.com,Charger,1968
914,Ambros,Bartrum,abartrumpd@hostgator.com,Sportage,2005
915,Devin,L'Episcopio,dlepiscopiope@ca.gov,GTI,1993
916,Emanuele,Bruton,ebrutonpf@ow.ly,MKS,2010
917,Reagan,Wilber,rwilberpg@uol.com.br,Versa,2009
918,Robers,Haney,rhaneyph@miitbeian.gov.cn,Summit,1994
919,Benyamin,Railton,brailtonpi@parallels.com,Vibe,2003
920,Kamillah,Wanjek,kwanjekpj@economist.com,FJ Cruiser,2012
921,Mace,Brand,mbrandpk@hugedomains.com,GTO,2006
922,Charisse,Cohrs,ccohrspl@abc.net.au,Daewoo Lacetti,2007
923,Blakeley,Grastye,bgrastyepm@wikimedia.org,90,1990
924,Dieter,Djurdjevic,ddjurdjevicpn@wikipedia.org,Reatta,1988
925,Henriette,Seargeant,hseargeantpo@e-recht24.de,3 Series,2007
926,Fabe,McQuilty,fmcquiltypp@indiatimes.com,850,1996
927,Ronni,Sedworth,rsedworthpq@fc2.com,Sierra 2500,2005
928,Madelene,McAree,mmcareepr@bluehost.com,E-Series,1993
929,Jeramey,Bruneau,jbruneaups@qq.com,XR4Ti,1985
930,Farlee,Coite,fcoitept@goo.ne.jp,Karif,1989
931,Lazaro,Coates,lcoatespu@digg.com,M-Class,2012
932,Mart,Wakelam,mwakelampv@yale.edu,TL,2010
933,Gradeigh,Scholard,gscholardpw@blogger.com,Swift,1990
934,Lin,Greenly,lgreenlypx@boston.com,New Beetle,2012
935,Hunfredo,Milley,hmilleypy@mapy.cz,CR-X,1988
936,Johnnie,Owlner,jowlnerpz@cnet.com,G,1993
937,Melisandra,Navein,mnaveinq0@uiuc.edu,Previa,1993
938,Sella,Mantram,smantramq1@odnoklassniki.ru,C-Class,2012
939,Florenza,Beggin,fbegginq2@engadget.com,V90,1998
940,Evered,Kennet,ekennetq3@tripod.com,Sedona,2003
941,Lyndsie,Kersley,lkersleyq4@google.nl,Amanti,2004
942,Glenda,Guild,gguildq5@weather.com,Pajero,1995
943,Jacquelin,Bartke,jbartkeq6@ebay.com,Z4,2009
944,Byrann,Rossbrooke,brossbrookeq7@parallels.com,Vibe,2004
945,Elnore,Pershouse,epershouseq8@bing.com,3500,1992
946,Alonzo,Neilson,aneilsonq9@simplemachines.org,G,2005
947,Nevin,Abrami,nabramiqa@feedburner.com,Dakota Club,1994
948,Weston,Moyler,wmoylerqb@youtube.com,Corvette,2007
949,Leland,Wholesworth,lwholesworthqc@webnode.com,E-Series,1991
950,Ludwig,Quixley,lquixleyqd@discuz.net,Corvette,1999
951,Patricia,Druhan,pdruhanqe@tamu.edu,Mustang,1996
952,Mellicent,Hoonahan,mhoonahanqf@cdc.gov,Camry,2005
953,Inez,Charnock,icharnockqg@multiply.com,911,2008
954,Cherilyn,Lovegrove,clovegroveqh@vimeo.com,Cooper,2011
955,Latisha,Halliday,lhallidayqi@woothemes.com,Armada,2006
956,Ewell,Laffranconi,elaffranconiqj@jalbum.net,Hombre,1996
957,Nalani,Aisman,naismanqk@uiuc.edu,xB,2008
958,Caleb,Ajsik,cajsikql@constantcontact.com,Swift,1987
959,Marga,Lent,mlentqm@wiley.com,Exige,2005
960,Gwenore,Carrier,gcarrierqn@state.gov,Tempest,1961
961,Shalna,Phillpot,sphillpotqo@theguardian.com,Century,2004
962,Meredith,Gemeau,mgemeauqp@chronoengine.com,Cutlass Supreme,1996
963,Kassandra,McLay,kmclayqq@home.pl,Capri,1986
964,Jock,Rowlands,jrowlandsqr@youtube.com,Amanti,2005
965,Germana,Westnage,gwestnageqs@army.mil,Sentra,2000
966,Joleen,Johanchon,jjohanchonqt@who.int,Park Avenue,2003
967,Gordon,Halliburton,ghalliburtonqu@clickbank.net,7 Series,2011
968,Bastian,MacGown,bmacgownqv@shutterfly.com,Azure T,2010
969,Anthe,Unwins,aunwinsqw@about.me,Probe,1996
970,Morganne,Wain,mwainqx@go.com,Accord,1999
971,Fitzgerald,Hulles,fhullesqy@typepad.com,Esprit,1999
972,Parke,Mariette,pmarietteqz@google.com.au,Integra,1992
973,Merry,Ruilton,mruiltonr0@cbc.ca,1 Series,2009
974,Zaria,Juszczyk,zjuszczykr1@zdnet.com,Rodeo,1999
975,Russ,Brahams,rbrahamsr2@dot.gov,Space,1984
976,Hilda,Mitton,hmittonr3@princeton.edu,Jetta III,1995
977,Marcos,Fison,mfisonr4@msu.edu,Aspen,2008
978,Sigfried,Coltherd,scoltherdr5@scribd.com,Passat,1991
979,Ezra,Ruspine,eruspiner6@e-recht24.de,900,1992
980,Reinold,Byer,rbyerr7@vk.com,Tercel,1994
981,Joice,Guarnier,jguarnierr8@wikispaces.com,1000,1985
982,Elfrida,Accum,eaccumr9@quantcast.com,Sentra,1996
983,Cristiano,Causnett,ccausnettra@twitpic.com,Pathfinder,2011
984,Hershel,Sames,hsamesrb@geocities.com,Neon,2001
985,Ronda,Bullingham,rbullinghamrc@163.com,Daytona,1993
986,Grissel,Owen,gowenrd@google.nl,M3,2008
987,Ric,McCully,rmccullyre@booking.com,CL,2001
988,Sutton,Jumonet,sjumonetrf@webmd.com,Prelude,1992
989,Corby,Pitrollo,cpitrollorg@nifty.com,GTO,1994
990,Anthony,Lanney,alanneyrh@senate.gov,CL-Class,2005
991,Faustine,Extence,fextenceri@spiegel.de,XC60,2009
992,Sophie,Pires,spiresrj@google.com.hk,Thunderbird,1992
993,Rosana,Wiggington,rwiggingtonrk@un.org,Tiburon,1997
994,Sharia,Catonne,scatonnerl@usnews.com,Aerostar,1988
995,Ives,Byforth,ibyforthrm@usa.gov,Mazda3,2007
996,Tamarra,Jope,tjopern@tamu.edu,S2000,2006
997,Rosa,Jessett,rjessettro@cbsnews.com,Sierra 3500,2006
998,Sig,Fever,sfeverrp@huffingtonpost.com,G,2007
999,Mel,Shambrook,mshambrookrq@cdc.gov,Accord,2004
1000,Viva,Abbot,vabbotrr@list-manage.com,Range Rover,1986
